host_id,listing_id,step,worst_score,listings,subject,body,featured_trial,template_name,template_data
f1258300-750f-4bac-8924-2a0194f88e75,cc3c8214-e327-4670-99ed-e1425494cc8c,V3,25,1,"Your Food Trailer is live, and 3 changes to get more buyer messages","Hi {first_name},

Your Food Trailer is live on Vendibook (https://vendibook.com/listing/cc3c8214-e327-4670-99ed-e1425494cc8c?utm_source=email&utm_medium=concierge&utm_campaign=concierge-v3). I went through it, and these are the changes that will make the biggest difference:

1. Turn on offers. Most buyers at your price start with an offer, and you can set a minimum so lowballs never reach you.
2. Get to 8+ photos: both sides and the back, the serving window, the full kitchen line, the hood and fire-suppression tag, the generator, and the data plate. Use your best exterior shot as the cover.
3. Answer the 3 buyer questions: condition, title status, and what's included in the price.

Also: add a photo and a short bio to your profile (https://vendibook.com/account?utm_source=email&utm_medium=concierge&utm_campaign=concierge-v3). Buyers check who they're dealing with before they message.

Edit your listing here: https://vendibook.com/edit-listing/cc3c8214-e327-4670-99ed-e1425494cc8c?utm_source=email&utm_medium=concierge&utm_campaign=concierge-v3

Reply if you'd like me to take another look afterwards.

Know another owner who's selling a truck, trailer or kitchen? Refer them to Vendibook. You may earn $150 once they complete their first transaction within 90 days, after our team reviews it. Your link and the terms: https://vendibook.com/referral?utm_source=email&utm_medium=concierge&utm_campaign=referral

Brad
Customer Success, Vendibook",no,generic-notice,"{""subject"": ""Your Food Trailer is live, and 3 changes to get more buyer messages"", ""preview"": ""Your Food Trailer is live, and 3 changes to get more buyer messages"", ""kicker"": ""Listing tips from Vendibook"", ""heading"": ""A few changes to get more buyer messages"", ""greeting"": ""Hi {first_name},"", ""paragraphs"": [""Your Food Trailer is live on Vendibook."", ""These changes will make the biggest difference:"", ""1. Turn on offers. Most buyers at your price start with an offer, and you can set a minimum so lowballs never reach you."", ""2. Get to 8+ photos: both sides and the back, the serving window, the full kitchen line, the hood and fire-suppression tag, the generator, and the data plate. Use your best exterior shot as the cover."", ""3. Answer the 3 buyer questions: condition, title status, and what's included in the price."", ""Add a photo and a short bio to your profile. Buyers check who they're dealing with before they message."", ""Reply to this email if you have any questions. A real person reads every reply.""], ""alert"": {""tone"": ""info"", ""title"": ""Know another owner who’s selling?"", ""body"": ""Refer them to Vendibook. You may earn $150 once they complete their first transaction within 90 days, after our team reviews it. Details at vendibook.com/referral.""}, ""footnote"": ""Brad · Customer Success, Vendibook"", ""ctaLabel"": ""Edit your listing"", ""ctaUrl"": ""https://vendibook.com/edit-listing/cc3c8214-e327-4670-99ed-e1425494cc8c?utm_source=email&utm_medium=concierge&utm_campaign=concierge-v3"", ""secondaryCtaLabel"": ""View your listing"", ""secondaryCtaUrl"": ""https://vendibook.com/listing/cc3c8214-e327-4670-99ed-e1425494cc8c?utm_source=email&utm_medium=concierge&utm_campaign=concierge-v3""}"
11be069d-0bc5-4685-aec1-4bb6ce722856,e746bd18-cad4-4cbf-9972-176bb8affc56,V3,25,1,"Your Brand New Permit-Ready Food Trailer – Houston  TX is live, and 3 changes to get more buyer messages","Hi {first_name},

Your Brand New Permit-Ready Food Trailer – Houston  TX is live on Vendibook (https://vendibook.com/listing/e746bd18-cad4-4cbf-9972-176bb8affc56?utm_source=email&utm_medium=concierge&utm_campaign=concierge-v3). I went through it, and these are the changes that will make the biggest difference:

1. Turn on offers. Most buyers at your price start with an offer, and you can set a minimum so lowballs never reach you.
2. Get to 8+ photos: both sides and the back, the serving window, the full kitchen line, the hood and fire-suppression tag, the generator, and the data plate. Use your best exterior shot as the cover.
3. Answer the 3 buyer questions: condition, title status, and what's included in the price.

Also: add a photo and a short bio to your profile (https://vendibook.com/account?utm_source=email&utm_medium=concierge&utm_campaign=concierge-v3). Buyers check who they're dealing with before they message.

Edit your listing here: https://vendibook.com/edit-listing/e746bd18-cad4-4cbf-9972-176bb8affc56?utm_source=email&utm_medium=concierge&utm_campaign=concierge-v3

Reply if you'd like me to take another look afterwards.

Know another owner who's selling a truck, trailer or kitchen? Refer them to Vendibook. You may earn $150 once they complete their first transaction within 90 days, after our team reviews it. Your link and the terms: https://vendibook.com/referral?utm_source=email&utm_medium=concierge&utm_campaign=referral

Brad
Customer Success, Vendibook",no,generic-notice,"{""subject"": ""Your Brand New Permit-Ready Food Trailer – Houston  TX is live, and 3 changes to get more buyer messages"", ""preview"": ""Your Brand New Permit-Ready Food Trailer – Houston  TX is live, and 3 changes to get more buyer messages"", ""kicker"": ""Listing tips from Vendibook"", ""heading"": ""A few changes to get more buyer messages"", ""greeting"": ""Hi {first_name},"", ""paragraphs"": [""Your Brand New Permit-Ready Food Trailer – Houston  TX is live on Vendibook."", ""These changes will make the biggest difference:"", ""1. Turn on offers. Most buyers at your price start with an offer, and you can set a minimum so lowballs never reach you."", ""2. Get to 8+ photos: both sides and the back, the serving window, the full kitchen line, the hood and fire-suppression tag, the generator, and the data plate. Use your best exterior shot as the cover."", ""3. Answer the 3 buyer questions: condition, title status, and what's included in the price."", ""Add a photo and a short bio to your profile. Buyers check who they're dealing with before they message."", ""Reply to this email if you have any questions. A real person reads every reply.""], ""alert"": {""tone"": ""info"", ""title"": ""Know another owner who’s selling?"", ""body"": ""Refer them to Vendibook. You may earn $150 once they complete their first transaction within 90 days, after our team reviews it. Details at vendibook.com/referral.""}, ""footnote"": ""Brad · Customer Success, Vendibook"", ""ctaLabel"": ""Edit your listing"", ""ctaUrl"": ""https://vendibook.com/edit-listing/e746bd18-cad4-4cbf-9972-176bb8affc56?utm_source=email&utm_medium=concierge&utm_campaign=concierge-v3"", ""secondaryCtaLabel"": ""View your listing"", ""secondaryCtaUrl"": ""https://vendibook.com/listing/e746bd18-cad4-4cbf-9972-176bb8affc56?utm_source=email&utm_medium=concierge&utm_campaign=concierge-v3""}"
609b6034-da38-445b-b0bb-9fc2b1ef74f5,154df4be-3102-44c9-b014-b36bafce8391,V3,25,1,"Your My Food Trailer is live, and 3 changes to get more buyer messages","Hi {first_name},

Your My Food Trailer is live on Vendibook (https://vendibook.com/listing/154df4be-3102-44c9-b014-b36bafce8391?utm_source=email&utm_medium=concierge&utm_campaign=concierge-v3). I went through it, and these are the changes that will make the biggest difference:

1. Turn on offers. Most buyers at your price start with an offer, and you can set a minimum so lowballs never reach you.
2. Get to 8+ photos: both sides and the back, the serving window, the full kitchen line, the hood and fire-suppression tag, the generator, and the data plate. Use your best exterior shot as the cover.
3. Answer the 3 buyer questions: condition, title status, and what's included in the price.

Also: add a photo and a short bio to your profile (https://vendibook.com/account?utm_source=email&utm_medium=concierge&utm_campaign=concierge-v3). Buyers check who they're dealing with before they message.

Edit your listing here: https://vendibook.com/edit-listing/154df4be-3102-44c9-b014-b36bafce8391?utm_source=email&utm_medium=concierge&utm_campaign=concierge-v3

Reply if you'd like me to take another look afterwards.

Know another owner who's selling a truck, trailer or kitchen? Refer them to Vendibook. You may earn $150 once they complete their first transaction within 90 days, after our team reviews it. Your link and the terms: https://vendibook.com/referral?utm_source=email&utm_medium=concierge&utm_campaign=referral

Brad
Customer Success, Vendibook",no,generic-notice,"{""subject"": ""Your My Food Trailer is live, and 3 changes to get more buyer messages"", ""preview"": ""Your My Food Trailer is live, and 3 changes to get more buyer messages"", ""kicker"": ""Listing tips from Vendibook"", ""heading"": ""A few changes to get more buyer messages"", ""greeting"": ""Hi {first_name},"", ""paragraphs"": [""Your My Food Trailer is live on Vendibook."", ""These changes will make the biggest difference:"", ""1. Turn on offers. Most buyers at your price start with an offer, and you can set a minimum so lowballs never reach you."", ""2. Get to 8+ photos: both sides and the back, the serving window, the full kitchen line, the hood and fire-suppression tag, the generator, and the data plate. Use your best exterior shot as the cover."", ""3. Answer the 3 buyer questions: condition, title status, and what's included in the price."", ""Add a photo and a short bio to your profile. Buyers check who they're dealing with before they message."", ""Reply to this email if you have any questions. A real person reads every reply.""], ""alert"": {""tone"": ""info"", ""title"": ""Know another owner who’s selling?"", ""body"": ""Refer them to Vendibook. You may earn $150 once they complete their first transaction within 90 days, after our team reviews it. Details at vendibook.com/referral.""}, ""footnote"": ""Brad · Customer Success, Vendibook"", ""ctaLabel"": ""Edit your listing"", ""ctaUrl"": ""https://vendibook.com/edit-listing/154df4be-3102-44c9-b014-b36bafce8391?utm_source=email&utm_medium=concierge&utm_campaign=concierge-v3"", ""secondaryCtaLabel"": ""View your listing"", ""secondaryCtaUrl"": ""https://vendibook.com/listing/154df4be-3102-44c9-b014-b36bafce8391?utm_source=email&utm_medium=concierge&utm_campaign=concierge-v3""}"
77f157af-d5d8-4be4-95d8-a1b755c6c6a1,f4fbb682-17db-4a3d-b081-e2631ae063ff,V3,30,3,"Your 2020 The Food Trailer is live, and 3 changes to get more buyer messages","Hi {first_name},

Your 2020 The Food Trailer is live on Vendibook (https://vendibook.com/listing/f4fbb682-17db-4a3d-b081-e2631ae063ff?utm_source=email&utm_medium=concierge&utm_campaign=concierge-v3). I went through it, and these are the changes that will make the biggest difference:

1. Turn on offers. Most buyers at your price start with an offer, and you can set a minimum so lowballs never reach you.
2. Get to 8+ photos: both sides and the back, the serving window, the full kitchen line, the hood and fire-suppression tag, the generator, and the data plate. Use your best exterior shot as the cover.
3. Answer the 3 buyer questions: condition, title status, and what's included in the price.

Also: add a short bio to your profile (https://vendibook.com/account?utm_source=email&utm_medium=concierge&utm_campaign=concierge-v3). Two lines on how long you've run it and why you're selling is plenty.

Edit your listing here: https://vendibook.com/edit-listing/f4fbb682-17db-4a3d-b081-e2631ae063ff?utm_source=email&utm_medium=concierge&utm_campaign=concierge-v3
(Your other 2 listings could use the same changes.)

Reply if you'd like me to take another look afterwards.

Know another owner who's selling a truck, trailer or kitchen? Refer them to Vendibook. You may earn $150 once they complete their first transaction within 90 days, after our team reviews it. Your link and the terms: https://vendibook.com/referral?utm_source=email&utm_medium=concierge&utm_campaign=referral

Brad
Customer Success, Vendibook",no,generic-notice,"{""subject"": ""Your 2020 The Food Trailer is live, and 3 changes to get more buyer messages"", ""preview"": ""Your 2020 The Food Trailer is live, and 3 changes to get more buyer messages"", ""kicker"": ""Listing tips from Vendibook"", ""heading"": ""A few changes to get more buyer messages"", ""greeting"": ""Hi {first_name},"", ""paragraphs"": [""Your 2020 The Food Trailer is live on Vendibook."", ""These changes will make the biggest difference:"", ""1. Turn on offers. Most buyers at your price start with an offer, and you can set a minimum so lowballs never reach you."", ""2. Get to 8+ photos: both sides and the back, the serving window, the full kitchen line, the hood and fire-suppression tag, the generator, and the data plate. Use your best exterior shot as the cover."", ""3. Answer the 3 buyer questions: condition, title status, and what's included in the price."", ""Add a short bio to your profile. Two lines on how long you've run it and why you're selling is plenty."", ""(Your other 2 listings could use the same changes.)"", ""Reply to this email if you have any questions. A real person reads every reply.""], ""alert"": {""tone"": ""info"", ""title"": ""Know another owner who’s selling?"", ""body"": ""Refer them to Vendibook. You may earn $150 once they complete their first transaction within 90 days, after our team reviews it. Details at vendibook.com/referral.""}, ""footnote"": ""Brad · Customer Success, Vendibook"", ""ctaLabel"": ""Edit your listing"", ""ctaUrl"": ""https://vendibook.com/edit-listing/f4fbb682-17db-4a3d-b081-e2631ae063ff?utm_source=email&utm_medium=concierge&utm_campaign=concierge-v3"", ""secondaryCtaLabel"": ""View your listing"", ""secondaryCtaUrl"": ""https://vendibook.com/listing/f4fbb682-17db-4a3d-b081-e2631ae063ff?utm_source=email&utm_medium=concierge&utm_campaign=concierge-v3""}"
f559486d-0ccb-4caf-b28d-421b960e0a4b,9d335dc0-71f2-4e1c-ada1-93a4ee2f9d77,V3,30,2,"Your FOOD TRAILER - EXP 16X 8 FT is live, and 3 changes to get more buyer messages","Hi {first_name},

Your FOOD TRAILER - EXP 16X 8 FT is live on Vendibook (https://vendibook.com/listing/9d335dc0-71f2-4e1c-ada1-93a4ee2f9d77?utm_source=email&utm_medium=concierge&utm_campaign=concierge-v3). I went through it, and these are the changes that will make the biggest difference:

1. Turn on offers. Most buyers at your price start with an offer, and you can set a minimum so lowballs never reach you.
2. Get to 8+ photos: both sides and the back, the serving window, the full kitchen line, the hood and fire-suppression tag, the generator, and the data plate. Use your best exterior shot as the cover.
3. Answer the 3 buyer questions: condition, title status, and what's included in the price.

Also: add a short bio to your profile (https://vendibook.com/account?utm_source=email&utm_medium=concierge&utm_campaign=concierge-v3). Two lines on how long you've run it and why you're selling is plenty.

Edit your listing here: https://vendibook.com/edit-listing/9d335dc0-71f2-4e1c-ada1-93a4ee2f9d77?utm_source=email&utm_medium=concierge&utm_campaign=concierge-v3
(Your other 1 listing could use the same changes.)

Reply if you'd like me to take another look afterwards.

Know another owner who's selling a truck, trailer or kitchen? Refer them to Vendibook. You may earn $150 once they complete their first transaction within 90 days, after our team reviews it. Your link and the terms: https://vendibook.com/referral?utm_source=email&utm_medium=concierge&utm_campaign=referral

Brad
Customer Success, Vendibook",no,generic-notice,"{""subject"": ""Your FOOD TRAILER - EXP 16X 8 FT is live, and 3 changes to get more buyer messages"", ""preview"": ""Your FOOD TRAILER - EXP 16X 8 FT is live, and 3 changes to get more buyer messages"", ""kicker"": ""Listing tips from Vendibook"", ""heading"": ""A few changes to get more buyer messages"", ""greeting"": ""Hi {first_name},"", ""paragraphs"": [""Your FOOD TRAILER - EXP 16X 8 FT is live on Vendibook."", ""These changes will make the biggest difference:"", ""1. Turn on offers. Most buyers at your price start with an offer, and you can set a minimum so lowballs never reach you."", ""2. Get to 8+ photos: both sides and the back, the serving window, the full kitchen line, the hood and fire-suppression tag, the generator, and the data plate. Use your best exterior shot as the cover."", ""3. Answer the 3 buyer questions: condition, title status, and what's included in the price."", ""Add a short bio to your profile. Two lines on how long you've run it and why you're selling is plenty."", ""(Your other 1 listing could use the same changes.)"", ""Reply to this email if you have any questions. A real person reads every reply.""], ""alert"": {""tone"": ""info"", ""title"": ""Know another owner who’s selling?"", ""body"": ""Refer them to Vendibook. You may earn $150 once they complete their first transaction within 90 days, after our team reviews it. Details at vendibook.com/referral.""}, ""footnote"": ""Brad · Customer Success, Vendibook"", ""ctaLabel"": ""Edit your listing"", ""ctaUrl"": ""https://vendibook.com/edit-listing/9d335dc0-71f2-4e1c-ada1-93a4ee2f9d77?utm_source=email&utm_medium=concierge&utm_campaign=concierge-v3"", ""secondaryCtaLabel"": ""View your listing"", ""secondaryCtaUrl"": ""https://vendibook.com/listing/9d335dc0-71f2-4e1c-ada1-93a4ee2f9d77?utm_source=email&utm_medium=concierge&utm_campaign=concierge-v3""}"
418aa111-b784-42c9-90cb-e566182bd6b1,e51c5a39-b100-475f-bd18-00070354218f,V3,35,1,"Your Food Truck - clean  organized  money maker is live, and 3 changes to get more buyer messages","Hi {first_name},

Your Food Truck - clean  organized  money maker is live on Vendibook (https://vendibook.com/listing/e51c5a39-b100-475f-bd18-00070354218f?utm_source=email&utm_medium=concierge&utm_campaign=concierge-v3). I went through it, and these are the changes that will make the biggest difference:

1. Turn on offers. Most buyers at your price start with an offer, and you can set a minimum so lowballs never reach you.
2. Get to 8+ photos: both sides and the back, the serving window, the full kitchen line, the hood and fire-suppression tag, the generator, and the data plate. Use your best exterior shot as the cover.
3. Answer the 3 buyer questions: condition, title status, and what's included in the price.

Also: add a photo and a short bio to your profile (https://vendibook.com/account?utm_source=email&utm_medium=concierge&utm_campaign=concierge-v3). Buyers check who they're dealing with before they message.

Edit your listing here: https://vendibook.com/edit-listing/e51c5a39-b100-475f-bd18-00070354218f?utm_source=email&utm_medium=concierge&utm_campaign=concierge-v3

Reply if you'd like me to take another look afterwards.

Know another owner who's selling a truck, trailer or kitchen? Refer them to Vendibook. You may earn $150 once they complete their first transaction within 90 days, after our team reviews it. Your link and the terms: https://vendibook.com/referral?utm_source=email&utm_medium=concierge&utm_campaign=referral

Brad
Customer Success, Vendibook",no,generic-notice,"{""subject"": ""Your Food Truck - clean  organized  money maker is live, and 3 changes to get more buyer messages"", ""preview"": ""Your Food Truck - clean  organized  money maker is live, and 3 changes to get more buyer messages"", ""kicker"": ""Listing tips from Vendibook"", ""heading"": ""A few changes to get more buyer messages"", ""greeting"": ""Hi {first_name},"", ""paragraphs"": [""Your Food Truck - clean  organized  money maker is live on Vendibook."", ""These changes will make the biggest difference:"", ""1. Turn on offers. Most buyers at your price start with an offer, and you can set a minimum so lowballs never reach you."", ""2. Get to 8+ photos: both sides and the back, the serving window, the full kitchen line, the hood and fire-suppression tag, the generator, and the data plate. Use your best exterior shot as the cover."", ""3. Answer the 3 buyer questions: condition, title status, and what's included in the price."", ""Add a photo and a short bio to your profile. Buyers check who they're dealing with before they message."", ""Reply to this email if you have any questions. A real person reads every reply.""], ""alert"": {""tone"": ""info"", ""title"": ""Know another owner who’s selling?"", ""body"": ""Refer them to Vendibook. You may earn $150 once they complete their first transaction within 90 days, after our team reviews it. Details at vendibook.com/referral.""}, ""footnote"": ""Brad · Customer Success, Vendibook"", ""ctaLabel"": ""Edit your listing"", ""ctaUrl"": ""https://vendibook.com/edit-listing/e51c5a39-b100-475f-bd18-00070354218f?utm_source=email&utm_medium=concierge&utm_campaign=concierge-v3"", ""secondaryCtaLabel"": ""View your listing"", ""secondaryCtaUrl"": ""https://vendibook.com/listing/e51c5a39-b100-475f-bd18-00070354218f?utm_source=email&utm_medium=concierge&utm_campaign=concierge-v3""}"
0b669ac2-7bf0-4013-b671-0576eea77e00,a02adafe-ad00-40cb-90c7-2a8ccc55f469,V3,40,1,"Your Coffee Tailer is live, and 3 changes to get more buyer messages","Hi {first_name},

Your Coffee Tailer is live on Vendibook (https://vendibook.com/listing/a02adafe-ad00-40cb-90c7-2a8ccc55f469?utm_source=email&utm_medium=concierge&utm_campaign=concierge-v3). I went through it, and these are the changes that will make the biggest difference:

1. Turn on offers. Most buyers at your price start with an offer, and you can set a minimum so lowballs never reach you.
2. Get to 8+ photos: both sides and the back, the serving window, the full kitchen line, the hood and fire-suppression tag, the generator, and the data plate. Use your best exterior shot as the cover.
3. Answer the 3 buyer questions: condition, title status, and what's included in the price.

Also: add a photo and a short bio to your profile (https://vendibook.com/account?utm_source=email&utm_medium=concierge&utm_campaign=concierge-v3). Buyers check who they're dealing with before they message.

Edit your listing here: https://vendibook.com/edit-listing/a02adafe-ad00-40cb-90c7-2a8ccc55f469?utm_source=email&utm_medium=concierge&utm_campaign=concierge-v3

Reply if you'd like me to take another look afterwards.

Know another owner who's selling a truck, trailer or kitchen? Refer them to Vendibook. You may earn $150 once they complete their first transaction within 90 days, after our team reviews it. Your link and the terms: https://vendibook.com/referral?utm_source=email&utm_medium=concierge&utm_campaign=referral

Brad
Customer Success, Vendibook",no,generic-notice,"{""subject"": ""Your Coffee Tailer is live, and 3 changes to get more buyer messages"", ""preview"": ""Your Coffee Tailer is live, and 3 changes to get more buyer messages"", ""kicker"": ""Listing tips from Vendibook"", ""heading"": ""A few changes to get more buyer messages"", ""greeting"": ""Hi {first_name},"", ""paragraphs"": [""Your Coffee Tailer is live on Vendibook."", ""These changes will make the biggest difference:"", ""1. Turn on offers. Most buyers at your price start with an offer, and you can set a minimum so lowballs never reach you."", ""2. Get to 8+ photos: both sides and the back, the serving window, the full kitchen line, the hood and fire-suppression tag, the generator, and the data plate. Use your best exterior shot as the cover."", ""3. Answer the 3 buyer questions: condition, title status, and what's included in the price."", ""Add a photo and a short bio to your profile. Buyers check who they're dealing with before they message."", ""Reply to this email if you have any questions. A real person reads every reply.""], ""alert"": {""tone"": ""info"", ""title"": ""Know another owner who’s selling?"", ""body"": ""Refer them to Vendibook. You may earn $150 once they complete their first transaction within 90 days, after our team reviews it. Details at vendibook.com/referral.""}, ""footnote"": ""Brad · Customer Success, Vendibook"", ""ctaLabel"": ""Edit your listing"", ""ctaUrl"": ""https://vendibook.com/edit-listing/a02adafe-ad00-40cb-90c7-2a8ccc55f469?utm_source=email&utm_medium=concierge&utm_campaign=concierge-v3"", ""secondaryCtaLabel"": ""View your listing"", ""secondaryCtaUrl"": ""https://vendibook.com/listing/a02adafe-ad00-40cb-90c7-2a8ccc55f469?utm_source=email&utm_medium=concierge&utm_campaign=concierge-v3""}"
3b59adbf-20d5-4154-a54e-bf20a1bddbed,779d5773-de60-4075-b92d-32387da86dd3,V3,40,1,"Your Pre-Owned Concession Trailer with Deep Freezer – Priced to S is live, and 3 changes to get more buyer messages","Hi {first_name},

Your Pre-Owned Concession Trailer with Deep Freezer – Priced to S is live on Vendibook (https://vendibook.com/listing/779d5773-de60-4075-b92d-32387da86dd3?utm_source=email&utm_medium=concierge&utm_campaign=concierge-v3). I went through it, and these are the changes that will make the biggest difference:

1. Turn on offers. Most buyers at your price start with an offer, and you can set a minimum so lowballs never reach you.
2. Get to 8+ photos: both sides and the back, the serving window, the full kitchen line, the hood and fire-suppression tag, the generator, and the data plate. Use your best exterior shot as the cover.
3. Answer the 3 buyer questions: condition, title status, and what's included in the price.

Also: add a photo and a short bio to your profile (https://vendibook.com/account?utm_source=email&utm_medium=concierge&utm_campaign=concierge-v3). Buyers check who they're dealing with before they message.

Edit your listing here: https://vendibook.com/edit-listing/779d5773-de60-4075-b92d-32387da86dd3?utm_source=email&utm_medium=concierge&utm_campaign=concierge-v3

Reply if you'd like me to take another look afterwards.

Know another owner who's selling a truck, trailer or kitchen? Refer them to Vendibook. You may earn $150 once they complete their first transaction within 90 days, after our team reviews it. Your link and the terms: https://vendibook.com/referral?utm_source=email&utm_medium=concierge&utm_campaign=referral

Brad
Customer Success, Vendibook",no,generic-notice,"{""subject"": ""Your Pre-Owned Concession Trailer with Deep Freezer – Priced to S is live, and 3 changes to get more buyer messages"", ""preview"": ""Your Pre-Owned Concession Trailer with Deep Freezer – Priced to S is live, and 3 changes to get more buyer messages"", ""kicker"": ""Listing tips from Vendibook"", ""heading"": ""A few changes to get more buyer messages"", ""greeting"": ""Hi {first_name},"", ""paragraphs"": [""Your Pre-Owned Concession Trailer with Deep Freezer – Priced to S is live on Vendibook."", ""These changes will make the biggest difference:"", ""1. Turn on offers. Most buyers at your price start with an offer, and you can set a minimum so lowballs never reach you."", ""2. Get to 8+ photos: both sides and the back, the serving window, the full kitchen line, the hood and fire-suppression tag, the generator, and the data plate. Use your best exterior shot as the cover."", ""3. Answer the 3 buyer questions: condition, title status, and what's included in the price."", ""Add a photo and a short bio to your profile. Buyers check who they're dealing with before they message."", ""Reply to this email if you have any questions. A real person reads every reply.""], ""alert"": {""tone"": ""info"", ""title"": ""Know another owner who’s selling?"", ""body"": ""Refer them to Vendibook. You may earn $150 once they complete their first transaction within 90 days, after our team reviews it. Details at vendibook.com/referral.""}, ""footnote"": ""Brad · Customer Success, Vendibook"", ""ctaLabel"": ""Edit your listing"", ""ctaUrl"": ""https://vendibook.com/edit-listing/779d5773-de60-4075-b92d-32387da86dd3?utm_source=email&utm_medium=concierge&utm_campaign=concierge-v3"", ""secondaryCtaLabel"": ""View your listing"", ""secondaryCtaUrl"": ""https://vendibook.com/listing/779d5773-de60-4075-b92d-32387da86dd3?utm_source=email&utm_medium=concierge&utm_campaign=concierge-v3""}"
bc349661-164b-47f4-9f25-808fddad9e16,e0ad7bc7-5a18-4534-a849-94501f5bc008,V3,40,1,"Your Turn Key - Ready to go 16ft Food Trailer! is live, and 3 changes to get more buyer messages","Hi {first_name},

Your Turn Key - Ready to go 16ft Food Trailer! is live on Vendibook (https://vendibook.com/listing/e0ad7bc7-5a18-4534-a849-94501f5bc008?utm_source=email&utm_medium=concierge&utm_campaign=concierge-v3). I went through it, and these are the changes that will make the biggest difference:

1. Turn on offers. Most buyers at your price start with an offer, and you can set a minimum so lowballs never reach you.
2. Get to 8+ photos: both sides and the back, the serving window, the full kitchen line, the hood and fire-suppression tag, the generator, and the data plate. Use your best exterior shot as the cover.
3. Answer the 3 buyer questions: condition, title status, and what's included in the price.

Also: add a photo and a short bio to your profile (https://vendibook.com/account?utm_source=email&utm_medium=concierge&utm_campaign=concierge-v3). Buyers check who they're dealing with before they message.

Edit your listing here: https://vendibook.com/edit-listing/e0ad7bc7-5a18-4534-a849-94501f5bc008?utm_source=email&utm_medium=concierge&utm_campaign=concierge-v3

Reply if you'd like me to take another look afterwards.

Know another owner who's selling a truck, trailer or kitchen? Refer them to Vendibook. You may earn $150 once they complete their first transaction within 90 days, after our team reviews it. Your link and the terms: https://vendibook.com/referral?utm_source=email&utm_medium=concierge&utm_campaign=referral

Brad
Customer Success, Vendibook",no,generic-notice,"{""subject"": ""Your Turn Key - Ready to go 16ft Food Trailer! is live, and 3 changes to get more buyer messages"", ""preview"": ""Your Turn Key - Ready to go 16ft Food Trailer! is live, and 3 changes to get more buyer messages"", ""kicker"": ""Listing tips from Vendibook"", ""heading"": ""A few changes to get more buyer messages"", ""greeting"": ""Hi {first_name},"", ""paragraphs"": [""Your Turn Key - Ready to go 16ft Food Trailer! is live on Vendibook."", ""These changes will make the biggest difference:"", ""1. Turn on offers. Most buyers at your price start with an offer, and you can set a minimum so lowballs never reach you."", ""2. Get to 8+ photos: both sides and the back, the serving window, the full kitchen line, the hood and fire-suppression tag, the generator, and the data plate. Use your best exterior shot as the cover."", ""3. Answer the 3 buyer questions: condition, title status, and what's included in the price."", ""Add a photo and a short bio to your profile. Buyers check who they're dealing with before they message."", ""Reply to this email if you have any questions. A real person reads every reply.""], ""alert"": {""tone"": ""info"", ""title"": ""Know another owner who’s selling?"", ""body"": ""Refer them to Vendibook. You may earn $150 once they complete their first transaction within 90 days, after our team reviews it. Details at vendibook.com/referral.""}, ""footnote"": ""Brad · Customer Success, Vendibook"", ""ctaLabel"": ""Edit your listing"", ""ctaUrl"": ""https://vendibook.com/edit-listing/e0ad7bc7-5a18-4534-a849-94501f5bc008?utm_source=email&utm_medium=concierge&utm_campaign=concierge-v3"", ""secondaryCtaLabel"": ""View your listing"", ""secondaryCtaUrl"": ""https://vendibook.com/listing/e0ad7bc7-5a18-4534-a849-94501f5bc008?utm_source=email&utm_medium=concierge&utm_campaign=concierge-v3""}"
47f2051d-318e-4f40-b9ae-b6984e7fc5d2,99d179ad-16ad-4bb3-9ccb-cd1a8e157284,V3,40,1,"Your Food Trailer (Best financing option in the market $680-$980) is live, and 3 changes to get more buyer messages","Hi {first_name},

Your Food Trailer (Best financing option in the market $680-$980) is live on Vendibook (https://vendibook.com/listing/99d179ad-16ad-4bb3-9ccb-cd1a8e157284?utm_source=email&utm_medium=concierge&utm_campaign=concierge-v3). I went through it, and these are the changes that will make the biggest difference:

1. Turn on offers. Most buyers at your price start with an offer, and you can set a minimum so lowballs never reach you.
2. Get to 8+ photos: both sides and the back, the serving window, the full kitchen line, the hood and fire-suppression tag, the generator, and the data plate. Use your best exterior shot as the cover.
3. Answer the 3 buyer questions: condition, title status, and what's included in the price.

Also: add a photo and a short bio to your profile (https://vendibook.com/account?utm_source=email&utm_medium=concierge&utm_campaign=concierge-v3). Buyers check who they're dealing with before they message.

Edit your listing here: https://vendibook.com/edit-listing/99d179ad-16ad-4bb3-9ccb-cd1a8e157284?utm_source=email&utm_medium=concierge&utm_campaign=concierge-v3

Reply if you'd like me to take another look afterwards.

Know another owner who's selling a truck, trailer or kitchen? Refer them to Vendibook. You may earn $150 once they complete their first transaction within 90 days, after our team reviews it. Your link and the terms: https://vendibook.com/referral?utm_source=email&utm_medium=concierge&utm_campaign=referral

Brad
Customer Success, Vendibook",no,generic-notice,"{""subject"": ""Your Food Trailer (Best financing option in the market $680-$980) is live, and 3 changes to get more buyer messages"", ""preview"": ""Your Food Trailer (Best financing option in the market $680-$980) is live, and 3 changes to get more buyer messages"", ""kicker"": ""Listing tips from Vendibook"", ""heading"": ""A few changes to get more buyer messages"", ""greeting"": ""Hi {first_name},"", ""paragraphs"": [""Your Food Trailer (Best financing option in the market $680-$980) is live on Vendibook."", ""These changes will make the biggest difference:"", ""1. Turn on offers. Most buyers at your price start with an offer, and you can set a minimum so lowballs never reach you."", ""2. Get to 8+ photos: both sides and the back, the serving window, the full kitchen line, the hood and fire-suppression tag, the generator, and the data plate. Use your best exterior shot as the cover."", ""3. Answer the 3 buyer questions: condition, title status, and what's included in the price."", ""Add a photo and a short bio to your profile. Buyers check who they're dealing with before they message."", ""Reply to this email if you have any questions. A real person reads every reply.""], ""alert"": {""tone"": ""info"", ""title"": ""Know another owner who’s selling?"", ""body"": ""Refer them to Vendibook. You may earn $150 once they complete their first transaction within 90 days, after our team reviews it. Details at vendibook.com/referral.""}, ""footnote"": ""Brad · Customer Success, Vendibook"", ""ctaLabel"": ""Edit your listing"", ""ctaUrl"": ""https://vendibook.com/edit-listing/99d179ad-16ad-4bb3-9ccb-cd1a8e157284?utm_source=email&utm_medium=concierge&utm_campaign=concierge-v3"", ""secondaryCtaLabel"": ""View your listing"", ""secondaryCtaUrl"": ""https://vendibook.com/listing/99d179ad-16ad-4bb3-9ccb-cd1a8e157284?utm_source=email&utm_medium=concierge&utm_campaign=concierge-v3""}"
14242a2e-3e7f-4794-9aed-fa72a5bbf105,b8e79191-e69d-483c-bad1-8ebcfc6fb4b6,V3,40,1,"Your Fully equipped food truck  full kitchen  newly built kitchen is live, and 3 changes to get more buyer messages","Hi {first_name},

Your Fully equipped food truck  full kitchen  newly built kitchen is live on Vendibook (https://vendibook.com/listing/b8e79191-e69d-483c-bad1-8ebcfc6fb4b6?utm_source=email&utm_medium=concierge&utm_campaign=concierge-v3). I went through it, and these are the changes that will make the biggest difference:

1. Turn on offers. Most buyers at your price start with an offer, and you can set a minimum so lowballs never reach you.
2. Get to 8+ photos: both sides and the back, the serving window, the full kitchen line, the hood and fire-suppression tag, the generator, and the data plate. Use your best exterior shot as the cover.
3. Answer the 3 buyer questions: condition, title status, and what's included in the price.

Also: add a photo and a short bio to your profile (https://vendibook.com/account?utm_source=email&utm_medium=concierge&utm_campaign=concierge-v3). Buyers check who they're dealing with before they message.

Edit your listing here: https://vendibook.com/edit-listing/b8e79191-e69d-483c-bad1-8ebcfc6fb4b6?utm_source=email&utm_medium=concierge&utm_campaign=concierge-v3

Reply if you'd like me to take another look afterwards.

Know another owner who's selling a truck, trailer or kitchen? Refer them to Vendibook. You may earn $150 once they complete their first transaction within 90 days, after our team reviews it. Your link and the terms: https://vendibook.com/referral?utm_source=email&utm_medium=concierge&utm_campaign=referral

Brad
Customer Success, Vendibook",no,generic-notice,"{""subject"": ""Your Fully equipped food truck  full kitchen  newly built kitchen is live, and 3 changes to get more buyer messages"", ""preview"": ""Your Fully equipped food truck  full kitchen  newly built kitchen is live, and 3 changes to get more buyer messages"", ""kicker"": ""Listing tips from Vendibook"", ""heading"": ""A few changes to get more buyer messages"", ""greeting"": ""Hi {first_name},"", ""paragraphs"": [""Your Fully equipped food truck  full kitchen  newly built kitchen is live on Vendibook."", ""These changes will make the biggest difference:"", ""1. Turn on offers. Most buyers at your price start with an offer, and you can set a minimum so lowballs never reach you."", ""2. Get to 8+ photos: both sides and the back, the serving window, the full kitchen line, the hood and fire-suppression tag, the generator, and the data plate. Use your best exterior shot as the cover."", ""3. Answer the 3 buyer questions: condition, title status, and what's included in the price."", ""Add a photo and a short bio to your profile. Buyers check who they're dealing with before they message."", ""Reply to this email if you have any questions. A real person reads every reply.""], ""alert"": {""tone"": ""info"", ""title"": ""Know another owner who’s selling?"", ""body"": ""Refer them to Vendibook. You may earn $150 once they complete their first transaction within 90 days, after our team reviews it. Details at vendibook.com/referral.""}, ""footnote"": ""Brad · Customer Success, Vendibook"", ""ctaLabel"": ""Edit your listing"", ""ctaUrl"": ""https://vendibook.com/edit-listing/b8e79191-e69d-483c-bad1-8ebcfc6fb4b6?utm_source=email&utm_medium=concierge&utm_campaign=concierge-v3"", ""secondaryCtaLabel"": ""View your listing"", ""secondaryCtaUrl"": ""https://vendibook.com/listing/b8e79191-e69d-483c-bad1-8ebcfc6fb4b6?utm_source=email&utm_medium=concierge&utm_campaign=concierge-v3""}"
5f6667d2-0924-4e7d-9f35-be1ee3dcd5fa,0ff66f5f-fae3-4d43-b630-080e56f4baf7,V3,40,1,"Your 18ft food Trailer is live, and 3 changes to get more buyer messages","Hi {first_name},

Your 18ft food Trailer is live on Vendibook (https://vendibook.com/listing/0ff66f5f-fae3-4d43-b630-080e56f4baf7?utm_source=email&utm_medium=concierge&utm_campaign=concierge-v3). I went through it, and these are the changes that will make the biggest difference:

1. Turn on offers. Most buyers at your price start with an offer, and you can set a minimum so lowballs never reach you.
2. Get to 8+ photos: both sides and the back, the serving window, the full kitchen line, the hood and fire-suppression tag, the generator, and the data plate. Use your best exterior shot as the cover.
3. Answer the 3 buyer questions: condition, title status, and what's included in the price.

Also: add a photo and a short bio to your profile (https://vendibook.com/account?utm_source=email&utm_medium=concierge&utm_campaign=concierge-v3). Buyers check who they're dealing with before they message.

Edit your listing here: https://vendibook.com/edit-listing/0ff66f5f-fae3-4d43-b630-080e56f4baf7?utm_source=email&utm_medium=concierge&utm_campaign=concierge-v3

Reply if you'd like me to take another look afterwards.

Know another owner who's selling a truck, trailer or kitchen? Refer them to Vendibook. You may earn $150 once they complete their first transaction within 90 days, after our team reviews it. Your link and the terms: https://vendibook.com/referral?utm_source=email&utm_medium=concierge&utm_campaign=referral

Brad
Customer Success, Vendibook",no,generic-notice,"{""subject"": ""Your 18ft food Trailer is live, and 3 changes to get more buyer messages"", ""preview"": ""Your 18ft food Trailer is live, and 3 changes to get more buyer messages"", ""kicker"": ""Listing tips from Vendibook"", ""heading"": ""A few changes to get more buyer messages"", ""greeting"": ""Hi {first_name},"", ""paragraphs"": [""Your 18ft food Trailer is live on Vendibook."", ""These changes will make the biggest difference:"", ""1. Turn on offers. Most buyers at your price start with an offer, and you can set a minimum so lowballs never reach you."", ""2. Get to 8+ photos: both sides and the back, the serving window, the full kitchen line, the hood and fire-suppression tag, the generator, and the data plate. Use your best exterior shot as the cover."", ""3. Answer the 3 buyer questions: condition, title status, and what's included in the price."", ""Add a photo and a short bio to your profile. Buyers check who they're dealing with before they message."", ""Reply to this email if you have any questions. A real person reads every reply.""], ""alert"": {""tone"": ""info"", ""title"": ""Know another owner who’s selling?"", ""body"": ""Refer them to Vendibook. You may earn $150 once they complete their first transaction within 90 days, after our team reviews it. Details at vendibook.com/referral.""}, ""footnote"": ""Brad · Customer Success, Vendibook"", ""ctaLabel"": ""Edit your listing"", ""ctaUrl"": ""https://vendibook.com/edit-listing/0ff66f5f-fae3-4d43-b630-080e56f4baf7?utm_source=email&utm_medium=concierge&utm_campaign=concierge-v3"", ""secondaryCtaLabel"": ""View your listing"", ""secondaryCtaUrl"": ""https://vendibook.com/listing/0ff66f5f-fae3-4d43-b630-080e56f4baf7?utm_source=email&utm_medium=concierge&utm_campaign=concierge-v3""}"
04eccfc2-efde-4d72-a0e9-dbcfea829376,26bd6a6a-f814-4f31-923d-68e7e326ff06,V3,40,1,"Your Fully equipped food trailer is live, and 3 changes to get more buyer messages","Hi {first_name},

Your Fully equipped food trailer is live on Vendibook (https://vendibook.com/listing/26bd6a6a-f814-4f31-923d-68e7e326ff06?utm_source=email&utm_medium=concierge&utm_campaign=concierge-v3). I went through it, and these are the changes that will make the biggest difference:

1. Turn on offers. Most buyers at your price start with an offer, and you can set a minimum so lowballs never reach you.
2. Get to 8+ photos: both sides and the back, the serving window, the full kitchen line, the hood and fire-suppression tag, the generator, and the data plate. Use your best exterior shot as the cover.
3. Answer the 3 buyer questions: condition, title status, and what's included in the price.

Also: add a photo and a short bio to your profile (https://vendibook.com/account?utm_source=email&utm_medium=concierge&utm_campaign=concierge-v3). Buyers check who they're dealing with before they message.

Edit your listing here: https://vendibook.com/edit-listing/26bd6a6a-f814-4f31-923d-68e7e326ff06?utm_source=email&utm_medium=concierge&utm_campaign=concierge-v3

Reply if you'd like me to take another look afterwards.

Know another owner who's selling a truck, trailer or kitchen? Refer them to Vendibook. You may earn $150 once they complete their first transaction within 90 days, after our team reviews it. Your link and the terms: https://vendibook.com/referral?utm_source=email&utm_medium=concierge&utm_campaign=referral

Brad
Customer Success, Vendibook",no,generic-notice,"{""subject"": ""Your Fully equipped food trailer is live, and 3 changes to get more buyer messages"", ""preview"": ""Your Fully equipped food trailer is live, and 3 changes to get more buyer messages"", ""kicker"": ""Listing tips from Vendibook"", ""heading"": ""A few changes to get more buyer messages"", ""greeting"": ""Hi {first_name},"", ""paragraphs"": [""Your Fully equipped food trailer is live on Vendibook."", ""These changes will make the biggest difference:"", ""1. Turn on offers. Most buyers at your price start with an offer, and you can set a minimum so lowballs never reach you."", ""2. Get to 8+ photos: both sides and the back, the serving window, the full kitchen line, the hood and fire-suppression tag, the generator, and the data plate. Use your best exterior shot as the cover."", ""3. Answer the 3 buyer questions: condition, title status, and what's included in the price."", ""Add a photo and a short bio to your profile. Buyers check who they're dealing with before they message."", ""Reply to this email if you have any questions. A real person reads every reply.""], ""alert"": {""tone"": ""info"", ""title"": ""Know another owner who’s selling?"", ""body"": ""Refer them to Vendibook. You may earn $150 once they complete their first transaction within 90 days, after our team reviews it. Details at vendibook.com/referral.""}, ""footnote"": ""Brad · Customer Success, Vendibook"", ""ctaLabel"": ""Edit your listing"", ""ctaUrl"": ""https://vendibook.com/edit-listing/26bd6a6a-f814-4f31-923d-68e7e326ff06?utm_source=email&utm_medium=concierge&utm_campaign=concierge-v3"", ""secondaryCtaLabel"": ""View your listing"", ""secondaryCtaUrl"": ""https://vendibook.com/listing/26bd6a6a-f814-4f31-923d-68e7e326ff06?utm_source=email&utm_medium=concierge&utm_campaign=concierge-v3""}"
8d9b76c5-c6bd-44cd-bbe6-c5e2a6b3c575,9c92006e-fe3c-4e52-9474-51d4a950eb26,V3,40,1,"Your Turnkey 24 ft Fully Loaded Kitchen Food Trailer – Ready for is live, and 3 changes to get more buyer messages","Hi {first_name},

Your Turnkey 24 ft Fully Loaded Kitchen Food Trailer – Ready for is live on Vendibook (https://vendibook.com/listing/9c92006e-fe3c-4e52-9474-51d4a950eb26?utm_source=email&utm_medium=concierge&utm_campaign=concierge-v3). I went through it, and these are the changes that will make the biggest difference:

1. Turn on offers. Most buyers at your price start with an offer, and you can set a minimum so lowballs never reach you.
2. Get to 8+ photos: both sides and the back, the serving window, the full kitchen line, the hood and fire-suppression tag, the generator, and the data plate. Use your best exterior shot as the cover.
3. Answer the 3 buyer questions: condition, title status, and what's included in the price.

Also: add a photo and a short bio to your profile (https://vendibook.com/account?utm_source=email&utm_medium=concierge&utm_campaign=concierge-v3). Buyers check who they're dealing with before they message.

Edit your listing here: https://vendibook.com/edit-listing/9c92006e-fe3c-4e52-9474-51d4a950eb26?utm_source=email&utm_medium=concierge&utm_campaign=concierge-v3

Reply if you'd like me to take another look afterwards.

Know another owner who's selling a truck, trailer or kitchen? Refer them to Vendibook. You may earn $150 once they complete their first transaction within 90 days, after our team reviews it. Your link and the terms: https://vendibook.com/referral?utm_source=email&utm_medium=concierge&utm_campaign=referral

Brad
Customer Success, Vendibook",no,generic-notice,"{""subject"": ""Your Turnkey 24 ft Fully Loaded Kitchen Food Trailer – Ready for is live, and 3 changes to get more buyer messages"", ""preview"": ""Your Turnkey 24 ft Fully Loaded Kitchen Food Trailer – Ready for is live, and 3 changes to get more buyer messages"", ""kicker"": ""Listing tips from Vendibook"", ""heading"": ""A few changes to get more buyer messages"", ""greeting"": ""Hi {first_name},"", ""paragraphs"": [""Your Turnkey 24 ft Fully Loaded Kitchen Food Trailer – Ready for is live on Vendibook."", ""These changes will make the biggest difference:"", ""1. Turn on offers. Most buyers at your price start with an offer, and you can set a minimum so lowballs never reach you."", ""2. Get to 8+ photos: both sides and the back, the serving window, the full kitchen line, the hood and fire-suppression tag, the generator, and the data plate. Use your best exterior shot as the cover."", ""3. Answer the 3 buyer questions: condition, title status, and what's included in the price."", ""Add a photo and a short bio to your profile. Buyers check who they're dealing with before they message."", ""Reply to this email if you have any questions. A real person reads every reply.""], ""alert"": {""tone"": ""info"", ""title"": ""Know another owner who’s selling?"", ""body"": ""Refer them to Vendibook. You may earn $150 once they complete their first transaction within 90 days, after our team reviews it. Details at vendibook.com/referral.""}, ""footnote"": ""Brad · Customer Success, Vendibook"", ""ctaLabel"": ""Edit your listing"", ""ctaUrl"": ""https://vendibook.com/edit-listing/9c92006e-fe3c-4e52-9474-51d4a950eb26?utm_source=email&utm_medium=concierge&utm_campaign=concierge-v3"", ""secondaryCtaLabel"": ""View your listing"", ""secondaryCtaUrl"": ""https://vendibook.com/listing/9c92006e-fe3c-4e52-9474-51d4a950eb26?utm_source=email&utm_medium=concierge&utm_campaign=concierge-v3""}"
a428d36b-4816-4cc3-9c9f-125c57d54e7f,d4e891ae-bbf4-4580-9998-28681e04d2d4,V3,40,1,"Your INVESTMENT OPPORTUNITY IN HOUSTON is live, and 3 changes to get more buyer messages","Hi {first_name},

Your INVESTMENT OPPORTUNITY IN HOUSTON is live on Vendibook (https://vendibook.com/listing/d4e891ae-bbf4-4580-9998-28681e04d2d4?utm_source=email&utm_medium=concierge&utm_campaign=concierge-v3). I went through it, and these are the changes that will make the biggest difference:

1. Turn on offers. Most buyers at your price start with an offer, and you can set a minimum so lowballs never reach you.
2. Get to 8+ photos: both sides and the back, the serving window, the full kitchen line, the hood and fire-suppression tag, the generator, and the data plate. Use your best exterior shot as the cover.
3. Answer the 3 buyer questions: condition, title status, and what's included in the price.

Also: add a photo and a short bio to your profile (https://vendibook.com/account?utm_source=email&utm_medium=concierge&utm_campaign=concierge-v3). Buyers check who they're dealing with before they message.

Edit your listing here: https://vendibook.com/edit-listing/d4e891ae-bbf4-4580-9998-28681e04d2d4?utm_source=email&utm_medium=concierge&utm_campaign=concierge-v3

Reply if you'd like me to take another look afterwards.

Know another owner who's selling a truck, trailer or kitchen? Refer them to Vendibook. You may earn $150 once they complete their first transaction within 90 days, after our team reviews it. Your link and the terms: https://vendibook.com/referral?utm_source=email&utm_medium=concierge&utm_campaign=referral

Brad
Customer Success, Vendibook",no,generic-notice,"{""subject"": ""Your INVESTMENT OPPORTUNITY IN HOUSTON is live, and 3 changes to get more buyer messages"", ""preview"": ""Your INVESTMENT OPPORTUNITY IN HOUSTON is live, and 3 changes to get more buyer messages"", ""kicker"": ""Listing tips from Vendibook"", ""heading"": ""A few changes to get more buyer messages"", ""greeting"": ""Hi {first_name},"", ""paragraphs"": [""Your INVESTMENT OPPORTUNITY IN HOUSTON is live on Vendibook."", ""These changes will make the biggest difference:"", ""1. Turn on offers. Most buyers at your price start with an offer, and you can set a minimum so lowballs never reach you."", ""2. Get to 8+ photos: both sides and the back, the serving window, the full kitchen line, the hood and fire-suppression tag, the generator, and the data plate. Use your best exterior shot as the cover."", ""3. Answer the 3 buyer questions: condition, title status, and what's included in the price."", ""Add a photo and a short bio to your profile. Buyers check who they're dealing with before they message."", ""Reply to this email if you have any questions. A real person reads every reply.""], ""alert"": {""tone"": ""info"", ""title"": ""Know another owner who’s selling?"", ""body"": ""Refer them to Vendibook. You may earn $150 once they complete their first transaction within 90 days, after our team reviews it. Details at vendibook.com/referral.""}, ""footnote"": ""Brad · Customer Success, Vendibook"", ""ctaLabel"": ""Edit your listing"", ""ctaUrl"": ""https://vendibook.com/edit-listing/d4e891ae-bbf4-4580-9998-28681e04d2d4?utm_source=email&utm_medium=concierge&utm_campaign=concierge-v3"", ""secondaryCtaLabel"": ""View your listing"", ""secondaryCtaUrl"": ""https://vendibook.com/listing/d4e891ae-bbf4-4580-9998-28681e04d2d4?utm_source=email&utm_medium=concierge&utm_campaign=concierge-v3""}"
48a5611b-549e-4159-92bc-7c5c0e3ba909,8dd4955f-d5fe-47ac-b260-ce86d15fd1f4,V3,45,1,"Your Empty Concession Trailer is live, and 3 changes to get more buyer messages","Hi {first_name},

Your Empty Concession Trailer is live on Vendibook (https://vendibook.com/listing/8dd4955f-d5fe-47ac-b260-ce86d15fd1f4?utm_source=email&utm_medium=concierge&utm_campaign=concierge-v3). I went through it, and these are the changes that will make the biggest difference:

1. Turn on offers. Most buyers at your price start with an offer, and you can set a minimum so lowballs never reach you.
2. Answer the 3 buyer questions: condition, title status, and what's included in the price.
3. Tell the story: who built it, what you served, permit and health history, recent upgrades, and why you're selling. Write it for someone who has never seen it.

Also: add a photo and a short bio to your profile (https://vendibook.com/account?utm_source=email&utm_medium=concierge&utm_campaign=concierge-v3). Buyers check who they're dealing with before they message.

Edit your listing here: https://vendibook.com/edit-listing/8dd4955f-d5fe-47ac-b260-ce86d15fd1f4?utm_source=email&utm_medium=concierge&utm_campaign=concierge-v3

Reply if you'd like me to take another look afterwards.

Know another owner who's selling a truck, trailer or kitchen? Refer them to Vendibook. You may earn $150 once they complete their first transaction within 90 days, after our team reviews it. Your link and the terms: https://vendibook.com/referral?utm_source=email&utm_medium=concierge&utm_campaign=referral

Brad
Customer Success, Vendibook",no,generic-notice,"{""subject"": ""Your Empty Concession Trailer is live, and 3 changes to get more buyer messages"", ""preview"": ""Your Empty Concession Trailer is live, and 3 changes to get more buyer messages"", ""kicker"": ""Listing tips from Vendibook"", ""heading"": ""A few changes to get more buyer messages"", ""greeting"": ""Hi {first_name},"", ""paragraphs"": [""Your Empty Concession Trailer is live on Vendibook."", ""These changes will make the biggest difference:"", ""1. Turn on offers. Most buyers at your price start with an offer, and you can set a minimum so lowballs never reach you."", ""2. Answer the 3 buyer questions: condition, title status, and what's included in the price."", ""3. Tell the story: who built it, what you served, permit and health history, recent upgrades, and why you're selling. Write it for someone who has never seen it."", ""Add a photo and a short bio to your profile. Buyers check who they're dealing with before they message."", ""Reply to this email if you have any questions. A real person reads every reply.""], ""alert"": {""tone"": ""info"", ""title"": ""Know another owner who’s selling?"", ""body"": ""Refer them to Vendibook. You may earn $150 once they complete their first transaction within 90 days, after our team reviews it. Details at vendibook.com/referral.""}, ""footnote"": ""Brad · Customer Success, Vendibook"", ""ctaLabel"": ""Edit your listing"", ""ctaUrl"": ""https://vendibook.com/edit-listing/8dd4955f-d5fe-47ac-b260-ce86d15fd1f4?utm_source=email&utm_medium=concierge&utm_campaign=concierge-v3"", ""secondaryCtaLabel"": ""View your listing"", ""secondaryCtaUrl"": ""https://vendibook.com/listing/8dd4955f-d5fe-47ac-b260-ce86d15fd1f4?utm_source=email&utm_medium=concierge&utm_campaign=concierge-v3""}"
bf4754c8-46ce-472e-8a71-2b8a7769a833,a3ead971-38c7-4c0c-8f3f-2b02185c7c2f,V3-featured,45,2,Your Custom-Built 6' x 12' Pop-Up Lemonade Concession Trailer is featured free for 14 days,"Hi {first_name},

Good news: buyers are already looking at your Custom-Built 6' x 12' Pop-Up Lemonade Concession Trailer, so we've featured it on Vendibook for free for 14 days, through October 19. Featured listings show up at the top of the homepage and search: https://vendibook.com/listing/a3ead971-38c7-4c0c-8f3f-2b02185c7c2f?utm_source=email&utm_medium=concierge&utm_campaign=featured-trial

A few changes will help turn that extra attention into buyer messages:

1. Turn on offers. Most buyers at your price start with an offer, and you can set a minimum so lowballs never reach you.
2. Get to 8+ photos: both sides and the back, the serving window, the full kitchen line, the hood and fire-suppression tag, the generator, and the data plate. Use your best exterior shot as the cover.
3. Answer the 3 buyer questions: condition, title status, and what's included in the price.

Edit your listing here: https://vendibook.com/edit-listing/a3ead971-38c7-4c0c-8f3f-2b02185c7c2f?utm_source=email&utm_medium=concierge&utm_campaign=featured-trial

Also: add a photo and a short bio to your profile (https://vendibook.com/account?utm_source=email&utm_medium=concierge&utm_campaign=featured-trial). Buyers check who they're dealing with before they message.

Reply if you have any questions.

Know another owner who's selling a truck, trailer or kitchen? Refer them to Vendibook. You may earn $150 once they complete their first transaction within 90 days, after our team reviews it. Your link and the terms: https://vendibook.com/referral?utm_source=email&utm_medium=concierge&utm_campaign=referral

Brad
Customer Success, Vendibook",yes,generic-notice,"{""subject"": ""Your Custom-Built 6' x 12' Pop-Up Lemonade Concession Trailer is featured free for 14 days"", ""preview"": ""Your Custom-Built 6' x 12' Pop-Up Lemonade Concession Trailer is featured free for 14 days"", ""kicker"": ""Featured free for 14 days"", ""heading"": ""Your listing is featured"", ""greeting"": ""Hi {first_name},"", ""paragraphs"": [""Good news: buyers are already looking at your Custom-Built 6' x 12' Pop-Up Lemonade Concession Trailer, so we've featured it on Vendibook for free for 14 days, through October 19. Featured listings show up at the top of the homepage and search."", ""These changes will make the biggest difference:"", ""1. Turn on offers. Most buyers at your price start with an offer, and you can set a minimum so lowballs never reach you."", ""2. Get to 8+ photos: both sides and the back, the serving window, the full kitchen line, the hood and fire-suppression tag, the generator, and the data plate. Use your best exterior shot as the cover."", ""3. Answer the 3 buyer questions: condition, title status, and what's included in the price."", ""Add a photo and a short bio to your profile. Buyers check who they're dealing with before they message."", ""Reply to this email if you have any questions. A real person reads every reply.""], ""alert"": {""tone"": ""info"", ""title"": ""Know another owner who’s selling?"", ""body"": ""Refer them to Vendibook. You may earn $150 once they complete their first transaction within 90 days, after our team reviews it. Details at vendibook.com/referral.""}, ""footnote"": ""Brad · Customer Success, Vendibook"", ""ctaLabel"": ""Edit your listing"", ""ctaUrl"": ""https://vendibook.com/edit-listing/a3ead971-38c7-4c0c-8f3f-2b02185c7c2f?utm_source=email&utm_medium=concierge&utm_campaign=featured-trial"", ""secondaryCtaLabel"": ""View your listing"", ""secondaryCtaUrl"": ""https://vendibook.com/listing/a3ead971-38c7-4c0c-8f3f-2b02185c7c2f?utm_source=email&utm_medium=concierge&utm_campaign=featured-trial""}"
55ded958-2c29-4d79-8440-9f77fdca0c5c,045054bb-2356-42ee-bc5e-a7850101d77e,V3,45,1,"Your Tap Trailer For Ice Cold Beverages is live, and 3 changes to get more buyer messages","Hi {first_name},

Your Tap Trailer For Ice Cold Beverages is live on Vendibook (https://vendibook.com/listing/045054bb-2356-42ee-bc5e-a7850101d77e?utm_source=email&utm_medium=concierge&utm_campaign=concierge-v3). I went through it, and these are the changes that will make the biggest difference:

1. Turn on offers. Most buyers at your price start with an offer, and you can set a minimum so lowballs never reach you.
2. Answer the 3 buyer questions: condition, title status, and what's included in the price.
3. Tell the story: who built it, what you served, permit and health history, recent upgrades, and why you're selling. Write it for someone who has never seen it.

Also: add a photo and a short bio to your profile (https://vendibook.com/account?utm_source=email&utm_medium=concierge&utm_campaign=concierge-v3). Buyers check who they're dealing with before they message.

Edit your listing here: https://vendibook.com/edit-listing/045054bb-2356-42ee-bc5e-a7850101d77e?utm_source=email&utm_medium=concierge&utm_campaign=concierge-v3

Reply if you'd like me to take another look afterwards.

Know another owner who's selling a truck, trailer or kitchen? Refer them to Vendibook. You may earn $150 once they complete their first transaction within 90 days, after our team reviews it. Your link and the terms: https://vendibook.com/referral?utm_source=email&utm_medium=concierge&utm_campaign=referral

Brad
Customer Success, Vendibook",no,generic-notice,"{""subject"": ""Your Tap Trailer For Ice Cold Beverages is live, and 3 changes to get more buyer messages"", ""preview"": ""Your Tap Trailer For Ice Cold Beverages is live, and 3 changes to get more buyer messages"", ""kicker"": ""Listing tips from Vendibook"", ""heading"": ""A few changes to get more buyer messages"", ""greeting"": ""Hi {first_name},"", ""paragraphs"": [""Your Tap Trailer For Ice Cold Beverages is live on Vendibook."", ""These changes will make the biggest difference:"", ""1. Turn on offers. Most buyers at your price start with an offer, and you can set a minimum so lowballs never reach you."", ""2. Answer the 3 buyer questions: condition, title status, and what's included in the price."", ""3. Tell the story: who built it, what you served, permit and health history, recent upgrades, and why you're selling. Write it for someone who has never seen it."", ""Add a photo and a short bio to your profile. Buyers check who they're dealing with before they message."", ""Reply to this email if you have any questions. A real person reads every reply.""], ""alert"": {""tone"": ""info"", ""title"": ""Know another owner who’s selling?"", ""body"": ""Refer them to Vendibook. You may earn $150 once they complete their first transaction within 90 days, after our team reviews it. Details at vendibook.com/referral.""}, ""footnote"": ""Brad · Customer Success, Vendibook"", ""ctaLabel"": ""Edit your listing"", ""ctaUrl"": ""https://vendibook.com/edit-listing/045054bb-2356-42ee-bc5e-a7850101d77e?utm_source=email&utm_medium=concierge&utm_campaign=concierge-v3"", ""secondaryCtaLabel"": ""View your listing"", ""secondaryCtaUrl"": ""https://vendibook.com/listing/045054bb-2356-42ee-bc5e-a7850101d77e?utm_source=email&utm_medium=concierge&utm_campaign=concierge-v3""}"
97dc8bb1-d9d3-4bf9-960a-8674082ded44,cd1c62cd-1e1f-4d72-8811-576957af53f4,V3,45,2,"Your Downtown Phoenix Private Commercial Kitchens For Rent is live, and 3 changes to get more buyer messages","Hi {first_name},

Your Downtown Phoenix Private Commercial Kitchens For Rent is live on Vendibook (https://vendibook.com/listing/cd1c62cd-1e1f-4d72-8811-576957af53f4?utm_source=email&utm_medium=concierge&utm_campaign=concierge-v3). I went through it, and these are the changes that will make the biggest difference:

1. Get to 8+ photos: both sides and the back, the serving window, the full kitchen line, the hood and fire-suppression tag, the generator, and the data plate. Use your best exterior shot as the cover.
2. Answer the 3 buyer questions: condition, title status, and what's included in the price.
3. Tell the story: who built it, what you served, permit and health history, recent upgrades, and why you're selling. Write it for someone who has never seen it.

Also: add a photo and a short bio to your profile (https://vendibook.com/account?utm_source=email&utm_medium=concierge&utm_campaign=concierge-v3). Buyers check who they're dealing with before they message.

Edit your listing here: https://vendibook.com/edit-listing/cd1c62cd-1e1f-4d72-8811-576957af53f4?utm_source=email&utm_medium=concierge&utm_campaign=concierge-v3
(Your other 1 listing could use the same changes.)

Reply if you'd like me to take another look afterwards.

Know another owner who's selling a truck, trailer or kitchen? Refer them to Vendibook. You may earn $150 once they complete their first transaction within 90 days, after our team reviews it. Your link and the terms: https://vendibook.com/referral?utm_source=email&utm_medium=concierge&utm_campaign=referral

Brad
Customer Success, Vendibook",no,generic-notice,"{""subject"": ""Your Downtown Phoenix Private Commercial Kitchens For Rent is live, and 3 changes to get more buyer messages"", ""preview"": ""Your Downtown Phoenix Private Commercial Kitchens For Rent is live, and 3 changes to get more buyer messages"", ""kicker"": ""Listing tips from Vendibook"", ""heading"": ""A few changes to get more buyer messages"", ""greeting"": ""Hi {first_name},"", ""paragraphs"": [""Your Downtown Phoenix Private Commercial Kitchens For Rent is live on Vendibook."", ""These changes will make the biggest difference:"", ""1. Get to 8+ photos: both sides and the back, the serving window, the full kitchen line, the hood and fire-suppression tag, the generator, and the data plate. Use your best exterior shot as the cover."", ""2. Answer the 3 buyer questions: condition, title status, and what's included in the price."", ""3. Tell the story: who built it, what you served, permit and health history, recent upgrades, and why you're selling. Write it for someone who has never seen it."", ""Add a photo and a short bio to your profile. Buyers check who they're dealing with before they message."", ""(Your other 1 listing could use the same changes.)"", ""Reply to this email if you have any questions. A real person reads every reply.""], ""alert"": {""tone"": ""info"", ""title"": ""Know another owner who’s selling?"", ""body"": ""Refer them to Vendibook. You may earn $150 once they complete their first transaction within 90 days, after our team reviews it. Details at vendibook.com/referral.""}, ""footnote"": ""Brad · Customer Success, Vendibook"", ""ctaLabel"": ""Edit your listing"", ""ctaUrl"": ""https://vendibook.com/edit-listing/cd1c62cd-1e1f-4d72-8811-576957af53f4?utm_source=email&utm_medium=concierge&utm_campaign=concierge-v3"", ""secondaryCtaLabel"": ""View your listing"", ""secondaryCtaUrl"": ""https://vendibook.com/listing/cd1c62cd-1e1f-4d72-8811-576957af53f4?utm_source=email&utm_medium=concierge&utm_campaign=concierge-v3""}"
454f16ce-dcff-4a55-a5a1-e91e158758fe,a2a2f761-da8c-4f59-ad5c-6a8b54f67083,V3,45,2,"Your Fully Built 1994 S&H mobile Bar is live, and 3 changes to get more buyer messages","Hi {first_name},

Your Fully Built 1994 S&H mobile Bar is live on Vendibook (https://vendibook.com/listing/a2a2f761-da8c-4f59-ad5c-6a8b54f67083?utm_source=email&utm_medium=concierge&utm_campaign=concierge-v3). I went through it, and these are the changes that will make the biggest difference:

1. Turn on offers. Most buyers at your price start with an offer, and you can set a minimum so lowballs never reach you.
2. Answer the 3 buyer questions: condition, title status, and what's included in the price.
3. Tell the story: who built it, what you served, permit and health history, recent upgrades, and why you're selling. Write it for someone who has never seen it.

Also: add a photo and a short bio to your profile (https://vendibook.com/account?utm_source=email&utm_medium=concierge&utm_campaign=concierge-v3). Buyers check who they're dealing with before they message.

Edit your listing here: https://vendibook.com/edit-listing/a2a2f761-da8c-4f59-ad5c-6a8b54f67083?utm_source=email&utm_medium=concierge&utm_campaign=concierge-v3
(Your other 1 listing could use the same changes.)

Reply if you'd like me to take another look afterwards.

Know another owner who's selling a truck, trailer or kitchen? Refer them to Vendibook. You may earn $150 once they complete their first transaction within 90 days, after our team reviews it. Your link and the terms: https://vendibook.com/referral?utm_source=email&utm_medium=concierge&utm_campaign=referral

Brad
Customer Success, Vendibook",no,generic-notice,"{""subject"": ""Your Fully Built 1994 S&H mobile Bar is live, and 3 changes to get more buyer messages"", ""preview"": ""Your Fully Built 1994 S&H mobile Bar is live, and 3 changes to get more buyer messages"", ""kicker"": ""Listing tips from Vendibook"", ""heading"": ""A few changes to get more buyer messages"", ""greeting"": ""Hi {first_name},"", ""paragraphs"": [""Your Fully Built 1994 S&H mobile Bar is live on Vendibook."", ""These changes will make the biggest difference:"", ""1. Turn on offers. Most buyers at your price start with an offer, and you can set a minimum so lowballs never reach you."", ""2. Answer the 3 buyer questions: condition, title status, and what's included in the price."", ""3. Tell the story: who built it, what you served, permit and health history, recent upgrades, and why you're selling. Write it for someone who has never seen it."", ""Add a photo and a short bio to your profile. Buyers check who they're dealing with before they message."", ""(Your other 1 listing could use the same changes.)"", ""Reply to this email if you have any questions. A real person reads every reply.""], ""alert"": {""tone"": ""info"", ""title"": ""Know another owner who’s selling?"", ""body"": ""Refer them to Vendibook. You may earn $150 once they complete their first transaction within 90 days, after our team reviews it. Details at vendibook.com/referral.""}, ""footnote"": ""Brad · Customer Success, Vendibook"", ""ctaLabel"": ""Edit your listing"", ""ctaUrl"": ""https://vendibook.com/edit-listing/a2a2f761-da8c-4f59-ad5c-6a8b54f67083?utm_source=email&utm_medium=concierge&utm_campaign=concierge-v3"", ""secondaryCtaLabel"": ""View your listing"", ""secondaryCtaUrl"": ""https://vendibook.com/listing/a2a2f761-da8c-4f59-ad5c-6a8b54f67083?utm_source=email&utm_medium=concierge&utm_campaign=concierge-v3""}"
20434a7d-a365-4d4a-ab9b-5cff26815f33,c649440f-d3df-4f3a-a622-e118767efb4d,V3,50,1,"Your My Food Trailer is live, and 3 changes to get more buyer messages","Hi {first_name},

Your My Food Trailer is live on Vendibook (https://vendibook.com/listing/c649440f-d3df-4f3a-a622-e118767efb4d?utm_source=email&utm_medium=concierge&utm_campaign=concierge-v3). I went through it, and these are the changes that will make the biggest difference:

1. Turn on offers. Most buyers at your price start with an offer, and you can set a minimum so lowballs never reach you.
2. Answer the 3 buyer questions: condition, title status, and what's included in the price.
3. Add a 60-second walkaround video. A phone video with no editing is perfect.

Also: add a photo and a short bio to your profile (https://vendibook.com/account?utm_source=email&utm_medium=concierge&utm_campaign=concierge-v3). Buyers check who they're dealing with before they message.

Edit your listing here: https://vendibook.com/edit-listing/c649440f-d3df-4f3a-a622-e118767efb4d?utm_source=email&utm_medium=concierge&utm_campaign=concierge-v3

Reply if you'd like me to take another look afterwards.

Know another owner who's selling a truck, trailer or kitchen? Refer them to Vendibook. You may earn $150 once they complete their first transaction within 90 days, after our team reviews it. Your link and the terms: https://vendibook.com/referral?utm_source=email&utm_medium=concierge&utm_campaign=referral

Brad
Customer Success, Vendibook",no,generic-notice,"{""subject"": ""Your My Food Trailer is live, and 3 changes to get more buyer messages"", ""preview"": ""Your My Food Trailer is live, and 3 changes to get more buyer messages"", ""kicker"": ""Listing tips from Vendibook"", ""heading"": ""A few changes to get more buyer messages"", ""greeting"": ""Hi {first_name},"", ""paragraphs"": [""Your My Food Trailer is live on Vendibook."", ""These changes will make the biggest difference:"", ""1. Turn on offers. Most buyers at your price start with an offer, and you can set a minimum so lowballs never reach you."", ""2. Answer the 3 buyer questions: condition, title status, and what's included in the price."", ""3. Add a 60-second walkaround video. A phone video with no editing is perfect."", ""Add a photo and a short bio to your profile. Buyers check who they're dealing with before they message."", ""Reply to this email if you have any questions. A real person reads every reply.""], ""alert"": {""tone"": ""info"", ""title"": ""Know another owner who’s selling?"", ""body"": ""Refer them to Vendibook. You may earn $150 once they complete their first transaction within 90 days, after our team reviews it. Details at vendibook.com/referral.""}, ""footnote"": ""Brad · Customer Success, Vendibook"", ""ctaLabel"": ""Edit your listing"", ""ctaUrl"": ""https://vendibook.com/edit-listing/c649440f-d3df-4f3a-a622-e118767efb4d?utm_source=email&utm_medium=concierge&utm_campaign=concierge-v3"", ""secondaryCtaLabel"": ""View your listing"", ""secondaryCtaUrl"": ""https://vendibook.com/listing/c649440f-d3df-4f3a-a622-e118767efb4d?utm_source=email&utm_medium=concierge&utm_campaign=concierge-v3""}"
53d0c87c-e6c8-4309-bde9-47d377e58cea,82fd1286-32c8-4ce7-b22d-3105d26d5ae2,V3,50,1,"Your 2006 21' Freightliner MT45 All-Purpose Food Truck with Fire is live, and 3 changes to get more buyer messages","Hi {first_name},

Your 2006 21' Freightliner MT45 All-Purpose Food Truck with Fire is live on Vendibook (https://vendibook.com/listing/82fd1286-32c8-4ce7-b22d-3105d26d5ae2?utm_source=email&utm_medium=concierge&utm_campaign=concierge-v3). I went through it, and these are the changes that will make the biggest difference:

1. Turn on offers. Most buyers at your price start with an offer, and you can set a minimum so lowballs never reach you.
2. Answer the 3 buyer questions: condition, title status, and what's included in the price.
3. Add a 60-second walkaround video. A phone video with no editing is perfect.

Also: add a photo and a short bio to your profile (https://vendibook.com/account?utm_source=email&utm_medium=concierge&utm_campaign=concierge-v3). Buyers check who they're dealing with before they message.

Edit your listing here: https://vendibook.com/edit-listing/82fd1286-32c8-4ce7-b22d-3105d26d5ae2?utm_source=email&utm_medium=concierge&utm_campaign=concierge-v3

Reply if you'd like me to take another look afterwards.

Know another owner who's selling a truck, trailer or kitchen? Refer them to Vendibook. You may earn $150 once they complete their first transaction within 90 days, after our team reviews it. Your link and the terms: https://vendibook.com/referral?utm_source=email&utm_medium=concierge&utm_campaign=referral

Brad
Customer Success, Vendibook",no,generic-notice,"{""subject"": ""Your 2006 21' Freightliner MT45 All-Purpose Food Truck with Fire is live, and 3 changes to get more buyer messages"", ""preview"": ""Your 2006 21' Freightliner MT45 All-Purpose Food Truck with Fire is live, and 3 changes to get more buyer messages"", ""kicker"": ""Listing tips from Vendibook"", ""heading"": ""A few changes to get more buyer messages"", ""greeting"": ""Hi {first_name},"", ""paragraphs"": [""Your 2006 21' Freightliner MT45 All-Purpose Food Truck with Fire is live on Vendibook."", ""These changes will make the biggest difference:"", ""1. Turn on offers. Most buyers at your price start with an offer, and you can set a minimum so lowballs never reach you."", ""2. Answer the 3 buyer questions: condition, title status, and what's included in the price."", ""3. Add a 60-second walkaround video. A phone video with no editing is perfect."", ""Add a photo and a short bio to your profile. Buyers check who they're dealing with before they message."", ""Reply to this email if you have any questions. A real person reads every reply.""], ""alert"": {""tone"": ""info"", ""title"": ""Know another owner who’s selling?"", ""body"": ""Refer them to Vendibook. You may earn $150 once they complete their first transaction within 90 days, after our team reviews it. Details at vendibook.com/referral.""}, ""footnote"": ""Brad · Customer Success, Vendibook"", ""ctaLabel"": ""Edit your listing"", ""ctaUrl"": ""https://vendibook.com/edit-listing/82fd1286-32c8-4ce7-b22d-3105d26d5ae2?utm_source=email&utm_medium=concierge&utm_campaign=concierge-v3"", ""secondaryCtaLabel"": ""View your listing"", ""secondaryCtaUrl"": ""https://vendibook.com/listing/82fd1286-32c8-4ce7-b22d-3105d26d5ae2?utm_source=email&utm_medium=concierge&utm_campaign=concierge-v3""}"
f2865e60-125e-4921-b7c5-898ba1675045,f4d5e5ae-31eb-4ba0-9d2b-13df7279d020,V3,50,1,"Your 🔥 TURNKEY SHIPPING CONTAINER KITCHEN🔥 is live, and 3 changes to get more buyer messages","Hi {first_name},

Your 🔥 TURNKEY SHIPPING CONTAINER KITCHEN🔥 is live on Vendibook (https://vendibook.com/listing/f4d5e5ae-31eb-4ba0-9d2b-13df7279d020?utm_source=email&utm_medium=concierge&utm_campaign=concierge-v3). I went through it, and these are the changes that will make the biggest difference:

1. Turn on offers. Most buyers at your price start with an offer, and you can set a minimum so lowballs never reach you.
2. Get to 8+ photos: both sides and the back, the serving window, the full kitchen line, the hood and fire-suppression tag, the generator, and the data plate. Use your best exterior shot as the cover.
3. Answer the 3 buyer questions: condition, title status, and what's included in the price.

Also: add a short bio to your profile (https://vendibook.com/account?utm_source=email&utm_medium=concierge&utm_campaign=concierge-v3). Two lines on how long you've run it and why you're selling is plenty.

Edit your listing here: https://vendibook.com/edit-listing/f4d5e5ae-31eb-4ba0-9d2b-13df7279d020?utm_source=email&utm_medium=concierge&utm_campaign=concierge-v3

Reply if you'd like me to take another look afterwards.

Know another owner who's selling a truck, trailer or kitchen? Refer them to Vendibook. You may earn $150 once they complete their first transaction within 90 days, after our team reviews it. Your link and the terms: https://vendibook.com/referral?utm_source=email&utm_medium=concierge&utm_campaign=referral

Brad
Customer Success, Vendibook",no,generic-notice,"{""subject"": ""Your 🔥 TURNKEY SHIPPING CONTAINER KITCHEN🔥 is live, and 3 changes to get more buyer messages"", ""preview"": ""Your 🔥 TURNKEY SHIPPING CONTAINER KITCHEN🔥 is live, and 3 changes to get more buyer messages"", ""kicker"": ""Listing tips from Vendibook"", ""heading"": ""A few changes to get more buyer messages"", ""greeting"": ""Hi {first_name},"", ""paragraphs"": [""Your 🔥 TURNKEY SHIPPING CONTAINER KITCHEN🔥 is live on Vendibook."", ""These changes will make the biggest difference:"", ""1. Turn on offers. Most buyers at your price start with an offer, and you can set a minimum so lowballs never reach you."", ""2. Get to 8+ photos: both sides and the back, the serving window, the full kitchen line, the hood and fire-suppression tag, the generator, and the data plate. Use your best exterior shot as the cover."", ""3. Answer the 3 buyer questions: condition, title status, and what's included in the price."", ""Add a short bio to your profile. Two lines on how long you've run it and why you're selling is plenty."", ""Reply to this email if you have any questions. A real person reads every reply.""], ""alert"": {""tone"": ""info"", ""title"": ""Know another owner who’s selling?"", ""body"": ""Refer them to Vendibook. You may earn $150 once they complete their first transaction within 90 days, after our team reviews it. Details at vendibook.com/referral.""}, ""footnote"": ""Brad · Customer Success, Vendibook"", ""ctaLabel"": ""Edit your listing"", ""ctaUrl"": ""https://vendibook.com/edit-listing/f4d5e5ae-31eb-4ba0-9d2b-13df7279d020?utm_source=email&utm_medium=concierge&utm_campaign=concierge-v3"", ""secondaryCtaLabel"": ""View your listing"", ""secondaryCtaUrl"": ""https://vendibook.com/listing/f4d5e5ae-31eb-4ba0-9d2b-13df7279d020?utm_source=email&utm_medium=concierge&utm_campaign=concierge-v3""}"
7b0ce910-912e-47a4-bf55-6243abe7cbb8,b7392745-3c33-48be-b4e9-2c5afc0d5890,V3,50,1,"Your 2024 fully equipped Cynergy concession trailer is live, and 3 changes to get more buyer messages","Hi {first_name},

Your 2024 fully equipped Cynergy concession trailer is live on Vendibook (https://vendibook.com/listing/b7392745-3c33-48be-b4e9-2c5afc0d5890?utm_source=email&utm_medium=concierge&utm_campaign=concierge-v3). I went through it, and these are the changes that will make the biggest difference:

1. Turn on offers. Most buyers at your price start with an offer, and you can set a minimum so lowballs never reach you.
2. Answer the 3 buyer questions: condition, title status, and what's included in the price.
3. Add a 60-second walkaround video. A phone video with no editing is perfect.

Also: add a photo and a short bio to your profile (https://vendibook.com/account?utm_source=email&utm_medium=concierge&utm_campaign=concierge-v3). Buyers check who they're dealing with before they message.

Edit your listing here: https://vendibook.com/edit-listing/b7392745-3c33-48be-b4e9-2c5afc0d5890?utm_source=email&utm_medium=concierge&utm_campaign=concierge-v3

Reply if you'd like me to take another look afterwards.

Know another owner who's selling a truck, trailer or kitchen? Refer them to Vendibook. You may earn $150 once they complete their first transaction within 90 days, after our team reviews it. Your link and the terms: https://vendibook.com/referral?utm_source=email&utm_medium=concierge&utm_campaign=referral

Brad
Customer Success, Vendibook",no,generic-notice,"{""subject"": ""Your 2024 fully equipped Cynergy concession trailer is live, and 3 changes to get more buyer messages"", ""preview"": ""Your 2024 fully equipped Cynergy concession trailer is live, and 3 changes to get more buyer messages"", ""kicker"": ""Listing tips from Vendibook"", ""heading"": ""A few changes to get more buyer messages"", ""greeting"": ""Hi {first_name},"", ""paragraphs"": [""Your 2024 fully equipped Cynergy concession trailer is live on Vendibook."", ""These changes will make the biggest difference:"", ""1. Turn on offers. Most buyers at your price start with an offer, and you can set a minimum so lowballs never reach you."", ""2. Answer the 3 buyer questions: condition, title status, and what's included in the price."", ""3. Add a 60-second walkaround video. A phone video with no editing is perfect."", ""Add a photo and a short bio to your profile. Buyers check who they're dealing with before they message."", ""Reply to this email if you have any questions. A real person reads every reply.""], ""alert"": {""tone"": ""info"", ""title"": ""Know another owner who’s selling?"", ""body"": ""Refer them to Vendibook. You may earn $150 once they complete their first transaction within 90 days, after our team reviews it. Details at vendibook.com/referral.""}, ""footnote"": ""Brad · Customer Success, Vendibook"", ""ctaLabel"": ""Edit your listing"", ""ctaUrl"": ""https://vendibook.com/edit-listing/b7392745-3c33-48be-b4e9-2c5afc0d5890?utm_source=email&utm_medium=concierge&utm_campaign=concierge-v3"", ""secondaryCtaLabel"": ""View your listing"", ""secondaryCtaUrl"": ""https://vendibook.com/listing/b7392745-3c33-48be-b4e9-2c5afc0d5890?utm_source=email&utm_medium=concierge&utm_campaign=concierge-v3""}"
b5548157-8ddd-4c47-b79d-1c4483c000dc,25ab2846-d917-4438-a6ac-366c973bb5b2,V3,50,1,"Your Food Truck for sale in Brenham  TX is live, and 3 changes to get more buyer messages","Hi {first_name},

Your Food Truck for sale in Brenham  TX is live on Vendibook (https://vendibook.com/listing/25ab2846-d917-4438-a6ac-366c973bb5b2?utm_source=email&utm_medium=concierge&utm_campaign=concierge-v3). I went through it, and these are the changes that will make the biggest difference:

1. Turn on offers. Most buyers at your price start with an offer, and you can set a minimum so lowballs never reach you.
2. Get to 8+ photos: both sides and the back, the serving window, the full kitchen line, the hood and fire-suppression tag, the generator, and the data plate. Use your best exterior shot as the cover.
3. Tell the story: who built it, what you served, permit and health history, recent upgrades, and why you're selling. Write it for someone who has never seen it.

Also: add a photo and a short bio to your profile (https://vendibook.com/account?utm_source=email&utm_medium=concierge&utm_campaign=concierge-v3). Buyers check who they're dealing with before they message.

Edit your listing here: https://vendibook.com/edit-listing/25ab2846-d917-4438-a6ac-366c973bb5b2?utm_source=email&utm_medium=concierge&utm_campaign=concierge-v3

Reply if you'd like me to take another look afterwards.

Know another owner who's selling a truck, trailer or kitchen? Refer them to Vendibook. You may earn $150 once they complete their first transaction within 90 days, after our team reviews it. Your link and the terms: https://vendibook.com/referral?utm_source=email&utm_medium=concierge&utm_campaign=referral

Brad
Customer Success, Vendibook",no,generic-notice,"{""subject"": ""Your Food Truck for sale in Brenham  TX is live, and 3 changes to get more buyer messages"", ""preview"": ""Your Food Truck for sale in Brenham  TX is live, and 3 changes to get more buyer messages"", ""kicker"": ""Listing tips from Vendibook"", ""heading"": ""A few changes to get more buyer messages"", ""greeting"": ""Hi {first_name},"", ""paragraphs"": [""Your Food Truck for sale in Brenham  TX is live on Vendibook."", ""These changes will make the biggest difference:"", ""1. Turn on offers. Most buyers at your price start with an offer, and you can set a minimum so lowballs never reach you."", ""2. Get to 8+ photos: both sides and the back, the serving window, the full kitchen line, the hood and fire-suppression tag, the generator, and the data plate. Use your best exterior shot as the cover."", ""3. Tell the story: who built it, what you served, permit and health history, recent upgrades, and why you're selling. Write it for someone who has never seen it."", ""Add a photo and a short bio to your profile. Buyers check who they're dealing with before they message."", ""Reply to this email if you have any questions. A real person reads every reply.""], ""alert"": {""tone"": ""info"", ""title"": ""Know another owner who’s selling?"", ""body"": ""Refer them to Vendibook. You may earn $150 once they complete their first transaction within 90 days, after our team reviews it. Details at vendibook.com/referral.""}, ""footnote"": ""Brad · Customer Success, Vendibook"", ""ctaLabel"": ""Edit your listing"", ""ctaUrl"": ""https://vendibook.com/edit-listing/25ab2846-d917-4438-a6ac-366c973bb5b2?utm_source=email&utm_medium=concierge&utm_campaign=concierge-v3"", ""secondaryCtaLabel"": ""View your listing"", ""secondaryCtaUrl"": ""https://vendibook.com/listing/25ab2846-d917-4438-a6ac-366c973bb5b2?utm_source=email&utm_medium=concierge&utm_campaign=concierge-v3""}"
863d4cc1-7581-4d3c-8d73-6b33740931cf,f5582bd0-afac-44f1-9f85-3acf24c279f5,V3,50,1,"Your Vintage (1955) one-of-a-kind fully restored Chevy all-purpos is live, and 3 changes to get more buyer messages","Hi {first_name},

Your Vintage (1955) one-of-a-kind fully restored Chevy all-purpos is live on Vendibook (https://vendibook.com/listing/f5582bd0-afac-44f1-9f85-3acf24c279f5?utm_source=email&utm_medium=concierge&utm_campaign=concierge-v3). I went through it, and these are the changes that will make the biggest difference:

1. Turn on offers. Most buyers at your price start with an offer, and you can set a minimum so lowballs never reach you.
2. Answer the 3 buyer questions: condition, title status, and what's included in the price.
3. Add a 60-second walkaround video. A phone video with no editing is perfect.

Also: add a photo and a short bio to your profile (https://vendibook.com/account?utm_source=email&utm_medium=concierge&utm_campaign=concierge-v3). Buyers check who they're dealing with before they message.

Edit your listing here: https://vendibook.com/edit-listing/f5582bd0-afac-44f1-9f85-3acf24c279f5?utm_source=email&utm_medium=concierge&utm_campaign=concierge-v3

Reply if you'd like me to take another look afterwards.

Know another owner who's selling a truck, trailer or kitchen? Refer them to Vendibook. You may earn $150 once they complete their first transaction within 90 days, after our team reviews it. Your link and the terms: https://vendibook.com/referral?utm_source=email&utm_medium=concierge&utm_campaign=referral

Brad
Customer Success, Vendibook",no,generic-notice,"{""subject"": ""Your Vintage (1955) one-of-a-kind fully restored Chevy all-purpos is live, and 3 changes to get more buyer messages"", ""preview"": ""Your Vintage (1955) one-of-a-kind fully restored Chevy all-purpos is live, and 3 changes to get more buyer messages"", ""kicker"": ""Listing tips from Vendibook"", ""heading"": ""A few changes to get more buyer messages"", ""greeting"": ""Hi {first_name},"", ""paragraphs"": [""Your Vintage (1955) one-of-a-kind fully restored Chevy all-purpos is live on Vendibook."", ""These changes will make the biggest difference:"", ""1. Turn on offers. Most buyers at your price start with an offer, and you can set a minimum so lowballs never reach you."", ""2. Answer the 3 buyer questions: condition, title status, and what's included in the price."", ""3. Add a 60-second walkaround video. A phone video with no editing is perfect."", ""Add a photo and a short bio to your profile. Buyers check who they're dealing with before they message."", ""Reply to this email if you have any questions. A real person reads every reply.""], ""alert"": {""tone"": ""info"", ""title"": ""Know another owner who’s selling?"", ""body"": ""Refer them to Vendibook. You may earn $150 once they complete their first transaction within 90 days, after our team reviews it. Details at vendibook.com/referral.""}, ""footnote"": ""Brad · Customer Success, Vendibook"", ""ctaLabel"": ""Edit your listing"", ""ctaUrl"": ""https://vendibook.com/edit-listing/f5582bd0-afac-44f1-9f85-3acf24c279f5?utm_source=email&utm_medium=concierge&utm_campaign=concierge-v3"", ""secondaryCtaLabel"": ""View your listing"", ""secondaryCtaUrl"": ""https://vendibook.com/listing/f5582bd0-afac-44f1-9f85-3acf24c279f5?utm_source=email&utm_medium=concierge&utm_campaign=concierge-v3""}"
4fc00959-da4f-4cee-9bac-d8e036254198,5485ce08-9cd6-4c4c-851e-824e4b7d9451,V3,50,1,"Your 2025 Fully Equipped Food Trailer is live, and 3 changes to get more buyer messages","Hi {first_name},

Your 2025 Fully Equipped Food Trailer is live on Vendibook (https://vendibook.com/listing/5485ce08-9cd6-4c4c-851e-824e4b7d9451?utm_source=email&utm_medium=concierge&utm_campaign=concierge-v3). I went through it, and these are the changes that will make the biggest difference:

1. Turn on offers. Most buyers at your price start with an offer, and you can set a minimum so lowballs never reach you.
2. Answer the 3 buyer questions: condition, title status, and what's included in the price.
3. Add a 60-second walkaround video. A phone video with no editing is perfect.

Also: add a photo and a short bio to your profile (https://vendibook.com/account?utm_source=email&utm_medium=concierge&utm_campaign=concierge-v3). Buyers check who they're dealing with before they message.

Edit your listing here: https://vendibook.com/edit-listing/5485ce08-9cd6-4c4c-851e-824e4b7d9451?utm_source=email&utm_medium=concierge&utm_campaign=concierge-v3

Reply if you'd like me to take another look afterwards.

Know another owner who's selling a truck, trailer or kitchen? Refer them to Vendibook. You may earn $150 once they complete their first transaction within 90 days, after our team reviews it. Your link and the terms: https://vendibook.com/referral?utm_source=email&utm_medium=concierge&utm_campaign=referral

Brad
Customer Success, Vendibook",no,generic-notice,"{""subject"": ""Your 2025 Fully Equipped Food Trailer is live, and 3 changes to get more buyer messages"", ""preview"": ""Your 2025 Fully Equipped Food Trailer is live, and 3 changes to get more buyer messages"", ""kicker"": ""Listing tips from Vendibook"", ""heading"": ""A few changes to get more buyer messages"", ""greeting"": ""Hi {first_name},"", ""paragraphs"": [""Your 2025 Fully Equipped Food Trailer is live on Vendibook."", ""These changes will make the biggest difference:"", ""1. Turn on offers. Most buyers at your price start with an offer, and you can set a minimum so lowballs never reach you."", ""2. Answer the 3 buyer questions: condition, title status, and what's included in the price."", ""3. Add a 60-second walkaround video. A phone video with no editing is perfect."", ""Add a photo and a short bio to your profile. Buyers check who they're dealing with before they message."", ""Reply to this email if you have any questions. A real person reads every reply.""], ""alert"": {""tone"": ""info"", ""title"": ""Know another owner who’s selling?"", ""body"": ""Refer them to Vendibook. You may earn $150 once they complete their first transaction within 90 days, after our team reviews it. Details at vendibook.com/referral.""}, ""footnote"": ""Brad · Customer Success, Vendibook"", ""ctaLabel"": ""Edit your listing"", ""ctaUrl"": ""https://vendibook.com/edit-listing/5485ce08-9cd6-4c4c-851e-824e4b7d9451?utm_source=email&utm_medium=concierge&utm_campaign=concierge-v3"", ""secondaryCtaLabel"": ""View your listing"", ""secondaryCtaUrl"": ""https://vendibook.com/listing/5485ce08-9cd6-4c4c-851e-824e4b7d9451?utm_source=email&utm_medium=concierge&utm_campaign=concierge-v3""}"
9358c9c9-8b79-4205-8e51-c4445dc3ba7b,ac5cf2e2-0b92-4665-b562-2d818f4313d6,V3,50,1,"Your ully equipped and currently operating 1997 Chevy P30 Food Tr is live, and 3 changes to get more buyer messages","Hi {first_name},

Your ully equipped and currently operating 1997 Chevy P30 Food Tr is live on Vendibook (https://vendibook.com/listing/ac5cf2e2-0b92-4665-b562-2d818f4313d6?utm_source=email&utm_medium=concierge&utm_campaign=concierge-v3). I went through it, and these are the changes that will make the biggest difference:

1. Turn on offers. Most buyers at your price start with an offer, and you can set a minimum so lowballs never reach you.
2. Answer the 3 buyer questions: condition, title status, and what's included in the price.
3. Add a 60-second walkaround video. A phone video with no editing is perfect.

Also: add a photo and a short bio to your profile (https://vendibook.com/account?utm_source=email&utm_medium=concierge&utm_campaign=concierge-v3). Buyers check who they're dealing with before they message.

Edit your listing here: https://vendibook.com/edit-listing/ac5cf2e2-0b92-4665-b562-2d818f4313d6?utm_source=email&utm_medium=concierge&utm_campaign=concierge-v3

Reply if you'd like me to take another look afterwards.

Know another owner who's selling a truck, trailer or kitchen? Refer them to Vendibook. You may earn $150 once they complete their first transaction within 90 days, after our team reviews it. Your link and the terms: https://vendibook.com/referral?utm_source=email&utm_medium=concierge&utm_campaign=referral

Brad
Customer Success, Vendibook",no,generic-notice,"{""subject"": ""Your ully equipped and currently operating 1997 Chevy P30 Food Tr is live, and 3 changes to get more buyer messages"", ""preview"": ""Your ully equipped and currently operating 1997 Chevy P30 Food Tr is live, and 3 changes to get more buyer messages"", ""kicker"": ""Listing tips from Vendibook"", ""heading"": ""A few changes to get more buyer messages"", ""greeting"": ""Hi {first_name},"", ""paragraphs"": [""Your ully equipped and currently operating 1997 Chevy P30 Food Tr is live on Vendibook."", ""These changes will make the biggest difference:"", ""1. Turn on offers. Most buyers at your price start with an offer, and you can set a minimum so lowballs never reach you."", ""2. Answer the 3 buyer questions: condition, title status, and what's included in the price."", ""3. Add a 60-second walkaround video. A phone video with no editing is perfect."", ""Add a photo and a short bio to your profile. Buyers check who they're dealing with before they message."", ""Reply to this email if you have any questions. A real person reads every reply.""], ""alert"": {""tone"": ""info"", ""title"": ""Know another owner who’s selling?"", ""body"": ""Refer them to Vendibook. You may earn $150 once they complete their first transaction within 90 days, after our team reviews it. Details at vendibook.com/referral.""}, ""footnote"": ""Brad · Customer Success, Vendibook"", ""ctaLabel"": ""Edit your listing"", ""ctaUrl"": ""https://vendibook.com/edit-listing/ac5cf2e2-0b92-4665-b562-2d818f4313d6?utm_source=email&utm_medium=concierge&utm_campaign=concierge-v3"", ""secondaryCtaLabel"": ""View your listing"", ""secondaryCtaUrl"": ""https://vendibook.com/listing/ac5cf2e2-0b92-4665-b562-2d818f4313d6?utm_source=email&utm_medium=concierge&utm_campaign=concierge-v3""}"
e86990e4-0a49-4126-a786-ea2b29eb8457,d98cfc23-1156-489e-a4f7-1e0bafb74fe5,V3,50,1,"Your 2022 fully equit with bathroom food trailer is live, and 3 changes to get more buyer messages","Hi {first_name},

Your 2022 fully equit with bathroom food trailer is live on Vendibook (https://vendibook.com/listing/d98cfc23-1156-489e-a4f7-1e0bafb74fe5?utm_source=email&utm_medium=concierge&utm_campaign=concierge-v3). I went through it, and these are the changes that will make the biggest difference:

1. Turn on offers. Most buyers at your price start with an offer, and you can set a minimum so lowballs never reach you.
2. Answer the 3 buyer questions: condition, title status, and what's included in the price.
3. Add a 60-second walkaround video. A phone video with no editing is perfect.

Also: add a short bio to your profile (https://vendibook.com/account?utm_source=email&utm_medium=concierge&utm_campaign=concierge-v3). Two lines on how long you've run it and why you're selling is plenty.

Edit your listing here: https://vendibook.com/edit-listing/d98cfc23-1156-489e-a4f7-1e0bafb74fe5?utm_source=email&utm_medium=concierge&utm_campaign=concierge-v3

Reply if you'd like me to take another look afterwards.

Know another owner who's selling a truck, trailer or kitchen? Refer them to Vendibook. You may earn $150 once they complete their first transaction within 90 days, after our team reviews it. Your link and the terms: https://vendibook.com/referral?utm_source=email&utm_medium=concierge&utm_campaign=referral

Brad
Customer Success, Vendibook",no,generic-notice,"{""subject"": ""Your 2022 fully equit with bathroom food trailer is live, and 3 changes to get more buyer messages"", ""preview"": ""Your 2022 fully equit with bathroom food trailer is live, and 3 changes to get more buyer messages"", ""kicker"": ""Listing tips from Vendibook"", ""heading"": ""A few changes to get more buyer messages"", ""greeting"": ""Hi {first_name},"", ""paragraphs"": [""Your 2022 fully equit with bathroom food trailer is live on Vendibook."", ""These changes will make the biggest difference:"", ""1. Turn on offers. Most buyers at your price start with an offer, and you can set a minimum so lowballs never reach you."", ""2. Answer the 3 buyer questions: condition, title status, and what's included in the price."", ""3. Add a 60-second walkaround video. A phone video with no editing is perfect."", ""Add a short bio to your profile. Two lines on how long you've run it and why you're selling is plenty."", ""Reply to this email if you have any questions. A real person reads every reply.""], ""alert"": {""tone"": ""info"", ""title"": ""Know another owner who’s selling?"", ""body"": ""Refer them to Vendibook. You may earn $150 once they complete their first transaction within 90 days, after our team reviews it. Details at vendibook.com/referral.""}, ""footnote"": ""Brad · Customer Success, Vendibook"", ""ctaLabel"": ""Edit your listing"", ""ctaUrl"": ""https://vendibook.com/edit-listing/d98cfc23-1156-489e-a4f7-1e0bafb74fe5?utm_source=email&utm_medium=concierge&utm_campaign=concierge-v3"", ""secondaryCtaLabel"": ""View your listing"", ""secondaryCtaUrl"": ""https://vendibook.com/listing/d98cfc23-1156-489e-a4f7-1e0bafb74fe5?utm_source=email&utm_medium=concierge&utm_campaign=concierge-v3""}"
5c9c2d22-d318-4542-8e16-1749868a83cd,decffc8d-41b4-47c5-b11a-56631f3a84f1,V3,50,1,"Your Food Truck for sale in Buffalo  NY is live, and 3 changes to get more buyer messages","Hi {first_name},

Your Food Truck for sale in Buffalo  NY is live on Vendibook (https://vendibook.com/listing/decffc8d-41b4-47c5-b11a-56631f3a84f1?utm_source=email&utm_medium=concierge&utm_campaign=concierge-v3). I went through it, and these are the changes that will make the biggest difference:

1. Turn on offers. Most buyers at your price start with an offer, and you can set a minimum so lowballs never reach you.
2. Get to 8+ photos: both sides and the back, the serving window, the full kitchen line, the hood and fire-suppression tag, the generator, and the data plate. Use your best exterior shot as the cover.
3. Tell the story: who built it, what you served, permit and health history, recent upgrades, and why you're selling. Write it for someone who has never seen it.

Also: add a short bio to your profile (https://vendibook.com/account?utm_source=email&utm_medium=concierge&utm_campaign=concierge-v3). Two lines on how long you've run it and why you're selling is plenty.

Edit your listing here: https://vendibook.com/edit-listing/decffc8d-41b4-47c5-b11a-56631f3a84f1?utm_source=email&utm_medium=concierge&utm_campaign=concierge-v3

Reply if you'd like me to take another look afterwards.

Know another owner who's selling a truck, trailer or kitchen? Refer them to Vendibook. You may earn $150 once they complete their first transaction within 90 days, after our team reviews it. Your link and the terms: https://vendibook.com/referral?utm_source=email&utm_medium=concierge&utm_campaign=referral

Brad
Customer Success, Vendibook",no,generic-notice,"{""subject"": ""Your Food Truck for sale in Buffalo  NY is live, and 3 changes to get more buyer messages"", ""preview"": ""Your Food Truck for sale in Buffalo  NY is live, and 3 changes to get more buyer messages"", ""kicker"": ""Listing tips from Vendibook"", ""heading"": ""A few changes to get more buyer messages"", ""greeting"": ""Hi {first_name},"", ""paragraphs"": [""Your Food Truck for sale in Buffalo  NY is live on Vendibook."", ""These changes will make the biggest difference:"", ""1. Turn on offers. Most buyers at your price start with an offer, and you can set a minimum so lowballs never reach you."", ""2. Get to 8+ photos: both sides and the back, the serving window, the full kitchen line, the hood and fire-suppression tag, the generator, and the data plate. Use your best exterior shot as the cover."", ""3. Tell the story: who built it, what you served, permit and health history, recent upgrades, and why you're selling. Write it for someone who has never seen it."", ""Add a short bio to your profile. Two lines on how long you've run it and why you're selling is plenty."", ""Reply to this email if you have any questions. A real person reads every reply.""], ""alert"": {""tone"": ""info"", ""title"": ""Know another owner who’s selling?"", ""body"": ""Refer them to Vendibook. You may earn $150 once they complete their first transaction within 90 days, after our team reviews it. Details at vendibook.com/referral.""}, ""footnote"": ""Brad · Customer Success, Vendibook"", ""ctaLabel"": ""Edit your listing"", ""ctaUrl"": ""https://vendibook.com/edit-listing/decffc8d-41b4-47c5-b11a-56631f3a84f1?utm_source=email&utm_medium=concierge&utm_campaign=concierge-v3"", ""secondaryCtaLabel"": ""View your listing"", ""secondaryCtaUrl"": ""https://vendibook.com/listing/decffc8d-41b4-47c5-b11a-56631f3a84f1?utm_source=email&utm_medium=concierge&utm_campaign=concierge-v3""}"
3d0c9a80-554a-49d0-8478-525cb79a87b9,3c209101-f0d0-4714-b2a1-8a52e31e98b8,V3,50,1,"Your 🔥 2024 8×16 Turn-Key Food Trailer is live, and 3 changes to get more buyer messages","Hi {first_name},

Your 🔥 2024 8×16 Turn-Key Food Trailer is live on Vendibook (https://vendibook.com/listing/3c209101-f0d0-4714-b2a1-8a52e31e98b8?utm_source=email&utm_medium=concierge&utm_campaign=concierge-v3). I went through it, and these are the changes that will make the biggest difference:

1. Turn on offers. Most buyers at your price start with an offer, and you can set a minimum so lowballs never reach you.
2. Answer the 3 buyer questions: condition, title status, and what's included in the price.
3. Add a 60-second walkaround video. A phone video with no editing is perfect.

Also: add a photo and a short bio to your profile (https://vendibook.com/account?utm_source=email&utm_medium=concierge&utm_campaign=concierge-v3). Buyers check who they're dealing with before they message.

Edit your listing here: https://vendibook.com/edit-listing/3c209101-f0d0-4714-b2a1-8a52e31e98b8?utm_source=email&utm_medium=concierge&utm_campaign=concierge-v3

Reply if you'd like me to take another look afterwards.

Know another owner who's selling a truck, trailer or kitchen? Refer them to Vendibook. You may earn $150 once they complete their first transaction within 90 days, after our team reviews it. Your link and the terms: https://vendibook.com/referral?utm_source=email&utm_medium=concierge&utm_campaign=referral

Brad
Customer Success, Vendibook",no,generic-notice,"{""subject"": ""Your 🔥 2024 8×16 Turn-Key Food Trailer is live, and 3 changes to get more buyer messages"", ""preview"": ""Your 🔥 2024 8×16 Turn-Key Food Trailer is live, and 3 changes to get more buyer messages"", ""kicker"": ""Listing tips from Vendibook"", ""heading"": ""A few changes to get more buyer messages"", ""greeting"": ""Hi {first_name},"", ""paragraphs"": [""Your 🔥 2024 8×16 Turn-Key Food Trailer is live on Vendibook."", ""These changes will make the biggest difference:"", ""1. Turn on offers. Most buyers at your price start with an offer, and you can set a minimum so lowballs never reach you."", ""2. Answer the 3 buyer questions: condition, title status, and what's included in the price."", ""3. Add a 60-second walkaround video. A phone video with no editing is perfect."", ""Add a photo and a short bio to your profile. Buyers check who they're dealing with before they message."", ""Reply to this email if you have any questions. A real person reads every reply.""], ""alert"": {""tone"": ""info"", ""title"": ""Know another owner who’s selling?"", ""body"": ""Refer them to Vendibook. You may earn $150 once they complete their first transaction within 90 days, after our team reviews it. Details at vendibook.com/referral.""}, ""footnote"": ""Brad · Customer Success, Vendibook"", ""ctaLabel"": ""Edit your listing"", ""ctaUrl"": ""https://vendibook.com/edit-listing/3c209101-f0d0-4714-b2a1-8a52e31e98b8?utm_source=email&utm_medium=concierge&utm_campaign=concierge-v3"", ""secondaryCtaLabel"": ""View your listing"", ""secondaryCtaUrl"": ""https://vendibook.com/listing/3c209101-f0d0-4714-b2a1-8a52e31e98b8?utm_source=email&utm_medium=concierge&utm_campaign=concierge-v3""}"
3756d71d-fcff-48e2-960f-7f8c565e7c46,9fa1aac0-10d3-4c75-8e60-d8e16f7a0a47,V3,50,1,"Your FOOD TRUCK FOR SALE OR LONG-TERM LEASE - $76 000 (Chicago) is live, and 3 changes to get more buyer messages","Hi {first_name},

Your FOOD TRUCK FOR SALE OR LONG-TERM LEASE - $76 000 (Chicago) is live on Vendibook (https://vendibook.com/listing/9fa1aac0-10d3-4c75-8e60-d8e16f7a0a47?utm_source=email&utm_medium=concierge&utm_campaign=concierge-v3). I went through it, and these are the changes that will make the biggest difference:

1. Turn on offers. Most buyers at your price start with an offer, and you can set a minimum so lowballs never reach you.
2. Answer the 3 buyer questions: condition, title status, and what's included in the price.
3. Add a 60-second walkaround video. A phone video with no editing is perfect.

Also: add a photo and a short bio to your profile (https://vendibook.com/account?utm_source=email&utm_medium=concierge&utm_campaign=concierge-v3). Buyers check who they're dealing with before they message.

Edit your listing here: https://vendibook.com/edit-listing/9fa1aac0-10d3-4c75-8e60-d8e16f7a0a47?utm_source=email&utm_medium=concierge&utm_campaign=concierge-v3

Reply if you'd like me to take another look afterwards.

Know another owner who's selling a truck, trailer or kitchen? Refer them to Vendibook. You may earn $150 once they complete their first transaction within 90 days, after our team reviews it. Your link and the terms: https://vendibook.com/referral?utm_source=email&utm_medium=concierge&utm_campaign=referral

Brad
Customer Success, Vendibook",no,generic-notice,"{""subject"": ""Your FOOD TRUCK FOR SALE OR LONG-TERM LEASE - $76 000 (Chicago) is live, and 3 changes to get more buyer messages"", ""preview"": ""Your FOOD TRUCK FOR SALE OR LONG-TERM LEASE - $76 000 (Chicago) is live, and 3 changes to get more buyer messages"", ""kicker"": ""Listing tips from Vendibook"", ""heading"": ""A few changes to get more buyer messages"", ""greeting"": ""Hi {first_name},"", ""paragraphs"": [""Your FOOD TRUCK FOR SALE OR LONG-TERM LEASE - $76 000 (Chicago) is live on Vendibook."", ""These changes will make the biggest difference:"", ""1. Turn on offers. Most buyers at your price start with an offer, and you can set a minimum so lowballs never reach you."", ""2. Answer the 3 buyer questions: condition, title status, and what's included in the price."", ""3. Add a 60-second walkaround video. A phone video with no editing is perfect."", ""Add a photo and a short bio to your profile. Buyers check who they're dealing with before they message."", ""Reply to this email if you have any questions. A real person reads every reply.""], ""alert"": {""tone"": ""info"", ""title"": ""Know another owner who’s selling?"", ""body"": ""Refer them to Vendibook. You may earn $150 once they complete their first transaction within 90 days, after our team reviews it. Details at vendibook.com/referral.""}, ""footnote"": ""Brad · Customer Success, Vendibook"", ""ctaLabel"": ""Edit your listing"", ""ctaUrl"": ""https://vendibook.com/edit-listing/9fa1aac0-10d3-4c75-8e60-d8e16f7a0a47?utm_source=email&utm_medium=concierge&utm_campaign=concierge-v3"", ""secondaryCtaLabel"": ""View your listing"", ""secondaryCtaUrl"": ""https://vendibook.com/listing/9fa1aac0-10d3-4c75-8e60-d8e16f7a0a47?utm_source=email&utm_medium=concierge&utm_campaign=concierge-v3""}"
00f5eddf-153e-451c-998a-f7a2a410b959,c07375f0-c3c6-4ab4-a353-2deba419773b,V3,50,1,"Your The Q — Commercial Kitchen & Commissary (Downtown Boaz  AL) is live, and 3 changes to get more buyer messages","Hi {first_name},

Your The Q — Commercial Kitchen & Commissary (Downtown Boaz  AL) is live on Vendibook (https://vendibook.com/listing/c07375f0-c3c6-4ab4-a353-2deba419773b?utm_source=email&utm_medium=concierge&utm_campaign=concierge-v3). I went through it, and these are the changes that will make the biggest difference:

1. Get to 8+ photos: both sides and the back, the serving window, the full kitchen line, the hood and fire-suppression tag, the generator, and the data plate. Use your best exterior shot as the cover.
2. Answer the 3 buyer questions: condition, title status, and what's included in the price.
3. Add a 60-second walkaround video. A phone video with no editing is perfect.

Also: add a photo and a short bio to your profile (https://vendibook.com/account?utm_source=email&utm_medium=concierge&utm_campaign=concierge-v3). Buyers check who they're dealing with before they message.

Edit your listing here: https://vendibook.com/edit-listing/c07375f0-c3c6-4ab4-a353-2deba419773b?utm_source=email&utm_medium=concierge&utm_campaign=concierge-v3

Reply if you'd like me to take another look afterwards.

Know another owner who's selling a truck, trailer or kitchen? Refer them to Vendibook. You may earn $150 once they complete their first transaction within 90 days, after our team reviews it. Your link and the terms: https://vendibook.com/referral?utm_source=email&utm_medium=concierge&utm_campaign=referral

Brad
Customer Success, Vendibook",no,generic-notice,"{""subject"": ""Your The Q — Commercial Kitchen & Commissary (Downtown Boaz  AL) is live, and 3 changes to get more buyer messages"", ""preview"": ""Your The Q — Commercial Kitchen & Commissary (Downtown Boaz  AL) is live, and 3 changes to get more buyer messages"", ""kicker"": ""Listing tips from Vendibook"", ""heading"": ""A few changes to get more buyer messages"", ""greeting"": ""Hi {first_name},"", ""paragraphs"": [""Your The Q — Commercial Kitchen & Commissary (Downtown Boaz  AL) is live on Vendibook."", ""These changes will make the biggest difference:"", ""1. Get to 8+ photos: both sides and the back, the serving window, the full kitchen line, the hood and fire-suppression tag, the generator, and the data plate. Use your best exterior shot as the cover."", ""2. Answer the 3 buyer questions: condition, title status, and what's included in the price."", ""3. Add a 60-second walkaround video. A phone video with no editing is perfect."", ""Add a photo and a short bio to your profile. Buyers check who they're dealing with before they message."", ""Reply to this email if you have any questions. A real person reads every reply.""], ""alert"": {""tone"": ""info"", ""title"": ""Know another owner who’s selling?"", ""body"": ""Refer them to Vendibook. You may earn $150 once they complete their first transaction within 90 days, after our team reviews it. Details at vendibook.com/referral.""}, ""footnote"": ""Brad · Customer Success, Vendibook"", ""ctaLabel"": ""Edit your listing"", ""ctaUrl"": ""https://vendibook.com/edit-listing/c07375f0-c3c6-4ab4-a353-2deba419773b?utm_source=email&utm_medium=concierge&utm_campaign=concierge-v3"", ""secondaryCtaLabel"": ""View your listing"", ""secondaryCtaUrl"": ""https://vendibook.com/listing/c07375f0-c3c6-4ab4-a353-2deba419773b?utm_source=email&utm_medium=concierge&utm_campaign=concierge-v3""}"
ce5ab03f-9d2e-4052-b7c3-1a1347ad5b5d,5894832e-034c-48ba-8315-1321e9b32080,V3,50,1,"Your BBQ Food Trailer (large smoker included) is live, and 3 changes to get more buyer messages","Hi {first_name},

Your BBQ Food Trailer (large smoker included) is live on Vendibook (https://vendibook.com/listing/5894832e-034c-48ba-8315-1321e9b32080?utm_source=email&utm_medium=concierge&utm_campaign=concierge-v3). I went through it, and these are the changes that will make the biggest difference:

1. Turn on offers. Most buyers at your price start with an offer, and you can set a minimum so lowballs never reach you.
2. Get to 8+ photos: both sides and the back, the serving window, the full kitchen line, the hood and fire-suppression tag, the generator, and the data plate. Use your best exterior shot as the cover.
3. Answer the 3 buyer questions: condition, title status, and what's included in the price.

Also: add a photo and a short bio to your profile (https://vendibook.com/account?utm_source=email&utm_medium=concierge&utm_campaign=concierge-v3). Buyers check who they're dealing with before they message.

Edit your listing here: https://vendibook.com/edit-listing/5894832e-034c-48ba-8315-1321e9b32080?utm_source=email&utm_medium=concierge&utm_campaign=concierge-v3

Reply if you'd like me to take another look afterwards.

Know another owner who's selling a truck, trailer or kitchen? Refer them to Vendibook. You may earn $150 once they complete their first transaction within 90 days, after our team reviews it. Your link and the terms: https://vendibook.com/referral?utm_source=email&utm_medium=concierge&utm_campaign=referral

Brad
Customer Success, Vendibook",no,generic-notice,"{""subject"": ""Your BBQ Food Trailer (large smoker included) is live, and 3 changes to get more buyer messages"", ""preview"": ""Your BBQ Food Trailer (large smoker included) is live, and 3 changes to get more buyer messages"", ""kicker"": ""Listing tips from Vendibook"", ""heading"": ""A few changes to get more buyer messages"", ""greeting"": ""Hi {first_name},"", ""paragraphs"": [""Your BBQ Food Trailer (large smoker included) is live on Vendibook."", ""These changes will make the biggest difference:"", ""1. Turn on offers. Most buyers at your price start with an offer, and you can set a minimum so lowballs never reach you."", ""2. Get to 8+ photos: both sides and the back, the serving window, the full kitchen line, the hood and fire-suppression tag, the generator, and the data plate. Use your best exterior shot as the cover."", ""3. Answer the 3 buyer questions: condition, title status, and what's included in the price."", ""Add a photo and a short bio to your profile. Buyers check who they're dealing with before they message."", ""Reply to this email if you have any questions. A real person reads every reply.""], ""alert"": {""tone"": ""info"", ""title"": ""Know another owner who’s selling?"", ""body"": ""Refer them to Vendibook. You may earn $150 once they complete their first transaction within 90 days, after our team reviews it. Details at vendibook.com/referral.""}, ""footnote"": ""Brad · Customer Success, Vendibook"", ""ctaLabel"": ""Edit your listing"", ""ctaUrl"": ""https://vendibook.com/edit-listing/5894832e-034c-48ba-8315-1321e9b32080?utm_source=email&utm_medium=concierge&utm_campaign=concierge-v3"", ""secondaryCtaLabel"": ""View your listing"", ""secondaryCtaUrl"": ""https://vendibook.com/listing/5894832e-034c-48ba-8315-1321e9b32080?utm_source=email&utm_medium=concierge&utm_campaign=concierge-v3""}"
33fb896d-2c60-42e7-b3eb-20d2e44ee08e,efa664df-1f34-421f-90f8-2ebc88e471fd,V3,50,1,"Your Food trailer (Indian food truck) is live, and 3 changes to get more buyer messages","Hi {first_name},

Your Food trailer (Indian food truck) is live on Vendibook (https://vendibook.com/listing/efa664df-1f34-421f-90f8-2ebc88e471fd?utm_source=email&utm_medium=concierge&utm_campaign=concierge-v3). I went through it, and these are the changes that will make the biggest difference:

1. Turn on offers. Most buyers at your price start with an offer, and you can set a minimum so lowballs never reach you.
2. Answer the 3 buyer questions: condition, title status, and what's included in the price.
3. Add a 60-second walkaround video. A phone video with no editing is perfect.

Also: add a photo and a short bio to your profile (https://vendibook.com/account?utm_source=email&utm_medium=concierge&utm_campaign=concierge-v3). Buyers check who they're dealing with before they message.

Edit your listing here: https://vendibook.com/edit-listing/efa664df-1f34-421f-90f8-2ebc88e471fd?utm_source=email&utm_medium=concierge&utm_campaign=concierge-v3

Reply if you'd like me to take another look afterwards.

Know another owner who's selling a truck, trailer or kitchen? Refer them to Vendibook. You may earn $150 once they complete their first transaction within 90 days, after our team reviews it. Your link and the terms: https://vendibook.com/referral?utm_source=email&utm_medium=concierge&utm_campaign=referral

Brad
Customer Success, Vendibook",no,generic-notice,"{""subject"": ""Your Food trailer (Indian food truck) is live, and 3 changes to get more buyer messages"", ""preview"": ""Your Food trailer (Indian food truck) is live, and 3 changes to get more buyer messages"", ""kicker"": ""Listing tips from Vendibook"", ""heading"": ""A few changes to get more buyer messages"", ""greeting"": ""Hi {first_name},"", ""paragraphs"": [""Your Food trailer (Indian food truck) is live on Vendibook."", ""These changes will make the biggest difference:"", ""1. Turn on offers. Most buyers at your price start with an offer, and you can set a minimum so lowballs never reach you."", ""2. Answer the 3 buyer questions: condition, title status, and what's included in the price."", ""3. Add a 60-second walkaround video. A phone video with no editing is perfect."", ""Add a photo and a short bio to your profile. Buyers check who they're dealing with before they message."", ""Reply to this email if you have any questions. A real person reads every reply.""], ""alert"": {""tone"": ""info"", ""title"": ""Know another owner who’s selling?"", ""body"": ""Refer them to Vendibook. You may earn $150 once they complete their first transaction within 90 days, after our team reviews it. Details at vendibook.com/referral.""}, ""footnote"": ""Brad · Customer Success, Vendibook"", ""ctaLabel"": ""Edit your listing"", ""ctaUrl"": ""https://vendibook.com/edit-listing/efa664df-1f34-421f-90f8-2ebc88e471fd?utm_source=email&utm_medium=concierge&utm_campaign=concierge-v3"", ""secondaryCtaLabel"": ""View your listing"", ""secondaryCtaUrl"": ""https://vendibook.com/listing/efa664df-1f34-421f-90f8-2ebc88e471fd?utm_source=email&utm_medium=concierge&utm_campaign=concierge-v3""}"
0512c2fe-7f8c-4e29-b7b2-5e48e16e1b11,29db594a-1746-4d42-954a-16673d9ff875,V3,50,1,"Your NEAR NEW TURNKEY Mobile Tap Trailer - Motivated Seller is live, and 3 changes to get more buyer messages","Hi {first_name},

Your NEAR NEW TURNKEY Mobile Tap Trailer - Motivated Seller is live on Vendibook (https://vendibook.com/listing/29db594a-1746-4d42-954a-16673d9ff875?utm_source=email&utm_medium=concierge&utm_campaign=concierge-v3). I went through it, and these are the changes that will make the biggest difference:

1. Turn on offers. Most buyers at your price start with an offer, and you can set a minimum so lowballs never reach you.
2. Answer the 3 buyer questions: condition, title status, and what's included in the price.
3. Add a 60-second walkaround video. A phone video with no editing is perfect.

Also: add a photo and a short bio to your profile (https://vendibook.com/account?utm_source=email&utm_medium=concierge&utm_campaign=concierge-v3). Buyers check who they're dealing with before they message.

Edit your listing here: https://vendibook.com/edit-listing/29db594a-1746-4d42-954a-16673d9ff875?utm_source=email&utm_medium=concierge&utm_campaign=concierge-v3

Reply if you'd like me to take another look afterwards.

Know another owner who's selling a truck, trailer or kitchen? Refer them to Vendibook. You may earn $150 once they complete their first transaction within 90 days, after our team reviews it. Your link and the terms: https://vendibook.com/referral?utm_source=email&utm_medium=concierge&utm_campaign=referral

Brad
Customer Success, Vendibook",no,generic-notice,"{""subject"": ""Your NEAR NEW TURNKEY Mobile Tap Trailer - Motivated Seller is live, and 3 changes to get more buyer messages"", ""preview"": ""Your NEAR NEW TURNKEY Mobile Tap Trailer - Motivated Seller is live, and 3 changes to get more buyer messages"", ""kicker"": ""Listing tips from Vendibook"", ""heading"": ""A few changes to get more buyer messages"", ""greeting"": ""Hi {first_name},"", ""paragraphs"": [""Your NEAR NEW TURNKEY Mobile Tap Trailer - Motivated Seller is live on Vendibook."", ""These changes will make the biggest difference:"", ""1. Turn on offers. Most buyers at your price start with an offer, and you can set a minimum so lowballs never reach you."", ""2. Answer the 3 buyer questions: condition, title status, and what's included in the price."", ""3. Add a 60-second walkaround video. A phone video with no editing is perfect."", ""Add a photo and a short bio to your profile. Buyers check who they're dealing with before they message."", ""Reply to this email if you have any questions. A real person reads every reply.""], ""alert"": {""tone"": ""info"", ""title"": ""Know another owner who’s selling?"", ""body"": ""Refer them to Vendibook. You may earn $150 once they complete their first transaction within 90 days, after our team reviews it. Details at vendibook.com/referral.""}, ""footnote"": ""Brad · Customer Success, Vendibook"", ""ctaLabel"": ""Edit your listing"", ""ctaUrl"": ""https://vendibook.com/edit-listing/29db594a-1746-4d42-954a-16673d9ff875?utm_source=email&utm_medium=concierge&utm_campaign=concierge-v3"", ""secondaryCtaLabel"": ""View your listing"", ""secondaryCtaUrl"": ""https://vendibook.com/listing/29db594a-1746-4d42-954a-16673d9ff875?utm_source=email&utm_medium=concierge&utm_campaign=concierge-v3""}"
3a50f35c-f05e-49b8-8603-0cd7533e5ddf,208387b2-6318-4488-963f-3741be63d929,V3,50,1,"Your 2024 8.5'x16' Red Mobile Food Kitchen Trailer with Pro Fire is live, and 3 changes to get more buyer messages","Hi {first_name},

Your 2024 8.5'x16' Red Mobile Food Kitchen Trailer with Pro Fire is live on Vendibook (https://vendibook.com/listing/208387b2-6318-4488-963f-3741be63d929?utm_source=email&utm_medium=concierge&utm_campaign=concierge-v3). I went through it, and these are the changes that will make the biggest difference:

1. Turn on offers. Most buyers at your price start with an offer, and you can set a minimum so lowballs never reach you.
2. Answer the 3 buyer questions: condition, title status, and what's included in the price.
3. Add a 60-second walkaround video. A phone video with no editing is perfect.

Also: add a photo and a short bio to your profile (https://vendibook.com/account?utm_source=email&utm_medium=concierge&utm_campaign=concierge-v3). Buyers check who they're dealing with before they message.

Edit your listing here: https://vendibook.com/edit-listing/208387b2-6318-4488-963f-3741be63d929?utm_source=email&utm_medium=concierge&utm_campaign=concierge-v3

Reply if you'd like me to take another look afterwards.

Know another owner who's selling a truck, trailer or kitchen? Refer them to Vendibook. You may earn $150 once they complete their first transaction within 90 days, after our team reviews it. Your link and the terms: https://vendibook.com/referral?utm_source=email&utm_medium=concierge&utm_campaign=referral

Brad
Customer Success, Vendibook",no,generic-notice,"{""subject"": ""Your 2024 8.5'x16' Red Mobile Food Kitchen Trailer with Pro Fire is live, and 3 changes to get more buyer messages"", ""preview"": ""Your 2024 8.5'x16' Red Mobile Food Kitchen Trailer with Pro Fire is live, and 3 changes to get more buyer messages"", ""kicker"": ""Listing tips from Vendibook"", ""heading"": ""A few changes to get more buyer messages"", ""greeting"": ""Hi {first_name},"", ""paragraphs"": [""Your 2024 8.5'x16' Red Mobile Food Kitchen Trailer with Pro Fire is live on Vendibook."", ""These changes will make the biggest difference:"", ""1. Turn on offers. Most buyers at your price start with an offer, and you can set a minimum so lowballs never reach you."", ""2. Answer the 3 buyer questions: condition, title status, and what's included in the price."", ""3. Add a 60-second walkaround video. A phone video with no editing is perfect."", ""Add a photo and a short bio to your profile. Buyers check who they're dealing with before they message."", ""Reply to this email if you have any questions. A real person reads every reply.""], ""alert"": {""tone"": ""info"", ""title"": ""Know another owner who’s selling?"", ""body"": ""Refer them to Vendibook. You may earn $150 once they complete their first transaction within 90 days, after our team reviews it. Details at vendibook.com/referral.""}, ""footnote"": ""Brad · Customer Success, Vendibook"", ""ctaLabel"": ""Edit your listing"", ""ctaUrl"": ""https://vendibook.com/edit-listing/208387b2-6318-4488-963f-3741be63d929?utm_source=email&utm_medium=concierge&utm_campaign=concierge-v3"", ""secondaryCtaLabel"": ""View your listing"", ""secondaryCtaUrl"": ""https://vendibook.com/listing/208387b2-6318-4488-963f-3741be63d929?utm_source=email&utm_medium=concierge&utm_campaign=concierge-v3""}"
9f6d7c52-30a6-47d4-872e-76b4ff083d3b,900a7382-331d-4080-a351-5fd3d90aa5b7,V3,55,1,"Your Coffee trailer with room for a kegerator is live, and 3 changes to get more buyer messages","Hi {first_name},

Your Coffee trailer with room for a kegerator is live on Vendibook (https://vendibook.com/listing/900a7382-331d-4080-a351-5fd3d90aa5b7?utm_source=email&utm_medium=concierge&utm_campaign=concierge-v3). I went through it, and these are the changes that will make the biggest difference:

1. Turn on offers. Most buyers at your price start with an offer, and you can set a minimum so lowballs never reach you.
2. Get to 8+ photos: both sides and the back, the serving window, the full kitchen line, the hood and fire-suppression tag, the generator, and the data plate. Use your best exterior shot as the cover.
3. Add a 60-second walkaround video. A phone video with no editing is perfect.

Also: add a photo and a short bio to your profile (https://vendibook.com/account?utm_source=email&utm_medium=concierge&utm_campaign=concierge-v3). Buyers check who they're dealing with before they message.

Edit your listing here: https://vendibook.com/edit-listing/900a7382-331d-4080-a351-5fd3d90aa5b7?utm_source=email&utm_medium=concierge&utm_campaign=concierge-v3

Reply if you'd like me to take another look afterwards.

Know another owner who's selling a truck, trailer or kitchen? Refer them to Vendibook. You may earn $150 once they complete their first transaction within 90 days, after our team reviews it. Your link and the terms: https://vendibook.com/referral?utm_source=email&utm_medium=concierge&utm_campaign=referral

Brad
Customer Success, Vendibook",no,generic-notice,"{""subject"": ""Your Coffee trailer with room for a kegerator is live, and 3 changes to get more buyer messages"", ""preview"": ""Your Coffee trailer with room for a kegerator is live, and 3 changes to get more buyer messages"", ""kicker"": ""Listing tips from Vendibook"", ""heading"": ""A few changes to get more buyer messages"", ""greeting"": ""Hi {first_name},"", ""paragraphs"": [""Your Coffee trailer with room for a kegerator is live on Vendibook."", ""These changes will make the biggest difference:"", ""1. Turn on offers. Most buyers at your price start with an offer, and you can set a minimum so lowballs never reach you."", ""2. Get to 8+ photos: both sides and the back, the serving window, the full kitchen line, the hood and fire-suppression tag, the generator, and the data plate. Use your best exterior shot as the cover."", ""3. Add a 60-second walkaround video. A phone video with no editing is perfect."", ""Add a photo and a short bio to your profile. Buyers check who they're dealing with before they message."", ""Reply to this email if you have any questions. A real person reads every reply.""], ""alert"": {""tone"": ""info"", ""title"": ""Know another owner who’s selling?"", ""body"": ""Refer them to Vendibook. You may earn $150 once they complete their first transaction within 90 days, after our team reviews it. Details at vendibook.com/referral.""}, ""footnote"": ""Brad · Customer Success, Vendibook"", ""ctaLabel"": ""Edit your listing"", ""ctaUrl"": ""https://vendibook.com/edit-listing/900a7382-331d-4080-a351-5fd3d90aa5b7?utm_source=email&utm_medium=concierge&utm_campaign=concierge-v3"", ""secondaryCtaLabel"": ""View your listing"", ""secondaryCtaUrl"": ""https://vendibook.com/listing/900a7382-331d-4080-a351-5fd3d90aa5b7?utm_source=email&utm_medium=concierge&utm_campaign=concierge-v3""}"
959394ca-cea0-40f5-b6c0-5a3475c71a0b,1f70ae11-184e-47c0-a507-f9f13165ef6a,V3,55,1,"Your 2026 full decked out pizza truck ready to sling some incredi is live, and 3 changes to get more buyer messages","Hi {first_name},

Your 2026 full decked out pizza truck ready to sling some incredi is live on Vendibook (https://vendibook.com/listing/1f70ae11-184e-47c0-a507-f9f13165ef6a?utm_source=email&utm_medium=concierge&utm_campaign=concierge-v3). I went through it, and these are the changes that will make the biggest difference:

1. Turn on offers. Most buyers at your price start with an offer, and you can set a minimum so lowballs never reach you.
2. Get to 8+ photos: both sides and the back, the serving window, the full kitchen line, the hood and fire-suppression tag, the generator, and the data plate. Use your best exterior shot as the cover.
3. Add a 60-second walkaround video. A phone video with no editing is perfect.

Also: add a photo and a short bio to your profile (https://vendibook.com/account?utm_source=email&utm_medium=concierge&utm_campaign=concierge-v3). Buyers check who they're dealing with before they message.

Edit your listing here: https://vendibook.com/edit-listing/1f70ae11-184e-47c0-a507-f9f13165ef6a?utm_source=email&utm_medium=concierge&utm_campaign=concierge-v3

Reply if you'd like me to take another look afterwards.

Know another owner who's selling a truck, trailer or kitchen? Refer them to Vendibook. You may earn $150 once they complete their first transaction within 90 days, after our team reviews it. Your link and the terms: https://vendibook.com/referral?utm_source=email&utm_medium=concierge&utm_campaign=referral

Brad
Customer Success, Vendibook",no,generic-notice,"{""subject"": ""Your 2026 full decked out pizza truck ready to sling some incredi is live, and 3 changes to get more buyer messages"", ""preview"": ""Your 2026 full decked out pizza truck ready to sling some incredi is live, and 3 changes to get more buyer messages"", ""kicker"": ""Listing tips from Vendibook"", ""heading"": ""A few changes to get more buyer messages"", ""greeting"": ""Hi {first_name},"", ""paragraphs"": [""Your 2026 full decked out pizza truck ready to sling some incredi is live on Vendibook."", ""These changes will make the biggest difference:"", ""1. Turn on offers. Most buyers at your price start with an offer, and you can set a minimum so lowballs never reach you."", ""2. Get to 8+ photos: both sides and the back, the serving window, the full kitchen line, the hood and fire-suppression tag, the generator, and the data plate. Use your best exterior shot as the cover."", ""3. Add a 60-second walkaround video. A phone video with no editing is perfect."", ""Add a photo and a short bio to your profile. Buyers check who they're dealing with before they message."", ""Reply to this email if you have any questions. A real person reads every reply.""], ""alert"": {""tone"": ""info"", ""title"": ""Know another owner who’s selling?"", ""body"": ""Refer them to Vendibook. You may earn $150 once they complete their first transaction within 90 days, after our team reviews it. Details at vendibook.com/referral.""}, ""footnote"": ""Brad · Customer Success, Vendibook"", ""ctaLabel"": ""Edit your listing"", ""ctaUrl"": ""https://vendibook.com/edit-listing/1f70ae11-184e-47c0-a507-f9f13165ef6a?utm_source=email&utm_medium=concierge&utm_campaign=concierge-v3"", ""secondaryCtaLabel"": ""View your listing"", ""secondaryCtaUrl"": ""https://vendibook.com/listing/1f70ae11-184e-47c0-a507-f9f13165ef6a?utm_source=email&utm_medium=concierge&utm_campaign=concierge-v3""}"
40d70515-2fce-4a15-97b1-6f3d945c83ff,f13ba587-0d95-48f3-9a18-3bb92e540e05,V3,60,1,"Your Full loaded food trailer for rent is live, and 3 changes to get more buyer messages","Hi {first_name},

Your Full loaded food trailer for rent is live on Vendibook (https://vendibook.com/listing/f13ba587-0d95-48f3-9a18-3bb92e540e05?utm_source=email&utm_medium=concierge&utm_campaign=concierge-v3). I went through it, and these are the changes that will make the biggest difference:

1. Get to 8+ photos: both sides and the back, the serving window, the full kitchen line, the hood and fire-suppression tag, the generator, and the data plate. Use your best exterior shot as the cover.
2. Answer the 3 buyer questions: condition, title status, and what's included in the price.
3. Turn on instant book so renters can reserve open dates right away.

Also: add a photo and a short bio to your profile (https://vendibook.com/account?utm_source=email&utm_medium=concierge&utm_campaign=concierge-v3). Buyers check who they're dealing with before they message.

Edit your listing here: https://vendibook.com/edit-listing/f13ba587-0d95-48f3-9a18-3bb92e540e05?utm_source=email&utm_medium=concierge&utm_campaign=concierge-v3

Reply if you'd like me to take another look afterwards.

Know another owner who's selling a truck, trailer or kitchen? Refer them to Vendibook. You may earn $150 once they complete their first transaction within 90 days, after our team reviews it. Your link and the terms: https://vendibook.com/referral?utm_source=email&utm_medium=concierge&utm_campaign=referral

Brad
Customer Success, Vendibook",no,generic-notice,"{""subject"": ""Your Full loaded food trailer for rent is live, and 3 changes to get more buyer messages"", ""preview"": ""Your Full loaded food trailer for rent is live, and 3 changes to get more buyer messages"", ""kicker"": ""Listing tips from Vendibook"", ""heading"": ""A few changes to get more buyer messages"", ""greeting"": ""Hi {first_name},"", ""paragraphs"": [""Your Full loaded food trailer for rent is live on Vendibook."", ""These changes will make the biggest difference:"", ""1. Get to 8+ photos: both sides and the back, the serving window, the full kitchen line, the hood and fire-suppression tag, the generator, and the data plate. Use your best exterior shot as the cover."", ""2. Answer the 3 buyer questions: condition, title status, and what's included in the price."", ""3. Turn on instant book so renters can reserve open dates right away."", ""Add a photo and a short bio to your profile. Buyers check who they're dealing with before they message."", ""Reply to this email if you have any questions. A real person reads every reply.""], ""alert"": {""tone"": ""info"", ""title"": ""Know another owner who’s selling?"", ""body"": ""Refer them to Vendibook. You may earn $150 once they complete their first transaction within 90 days, after our team reviews it. Details at vendibook.com/referral.""}, ""footnote"": ""Brad · Customer Success, Vendibook"", ""ctaLabel"": ""Edit your listing"", ""ctaUrl"": ""https://vendibook.com/edit-listing/f13ba587-0d95-48f3-9a18-3bb92e540e05?utm_source=email&utm_medium=concierge&utm_campaign=concierge-v3"", ""secondaryCtaLabel"": ""View your listing"", ""secondaryCtaUrl"": ""https://vendibook.com/listing/f13ba587-0d95-48f3-9a18-3bb92e540e05?utm_source=email&utm_medium=concierge&utm_campaign=concierge-v3""}"
3f63ade7-535a-4040-9101-d969e9a50677,fa7c0293-761e-4f75-8893-f3ecd3f8357f,V3,60,1,"Your Brand new beautiful coffee trailer for sale!! is live, and 3 changes to get more buyer messages","Hi {first_name},

Your Brand new beautiful coffee trailer for sale!! is live on Vendibook (https://vendibook.com/listing/fa7c0293-761e-4f75-8893-f3ecd3f8357f?utm_source=email&utm_medium=concierge&utm_campaign=concierge-v3). I went through it, and these are the changes that will make the biggest difference:

1. Turn on offers. Most buyers at your price start with an offer, and you can set a minimum so lowballs never reach you.
2. Get to 8+ photos: both sides and the back, the serving window, the full kitchen line, the hood and fire-suppression tag, the generator, and the data plate. Use your best exterior shot as the cover.
3. Tell the story: who built it, what you served, permit and health history, recent upgrades, and why you're selling. Write it for someone who has never seen it.

Also: add a short bio to your profile (https://vendibook.com/account?utm_source=email&utm_medium=concierge&utm_campaign=concierge-v3). Two lines on how long you've run it and why you're selling is plenty.

Edit your listing here: https://vendibook.com/edit-listing/fa7c0293-761e-4f75-8893-f3ecd3f8357f?utm_source=email&utm_medium=concierge&utm_campaign=concierge-v3

Reply if you'd like me to take another look afterwards.

Know another owner who's selling a truck, trailer or kitchen? Refer them to Vendibook. You may earn $150 once they complete their first transaction within 90 days, after our team reviews it. Your link and the terms: https://vendibook.com/referral?utm_source=email&utm_medium=concierge&utm_campaign=referral

Brad
Customer Success, Vendibook",no,generic-notice,"{""subject"": ""Your Brand new beautiful coffee trailer for sale!! is live, and 3 changes to get more buyer messages"", ""preview"": ""Your Brand new beautiful coffee trailer for sale!! is live, and 3 changes to get more buyer messages"", ""kicker"": ""Listing tips from Vendibook"", ""heading"": ""A few changes to get more buyer messages"", ""greeting"": ""Hi {first_name},"", ""paragraphs"": [""Your Brand new beautiful coffee trailer for sale!! is live on Vendibook."", ""These changes will make the biggest difference:"", ""1. Turn on offers. Most buyers at your price start with an offer, and you can set a minimum so lowballs never reach you."", ""2. Get to 8+ photos: both sides and the back, the serving window, the full kitchen line, the hood and fire-suppression tag, the generator, and the data plate. Use your best exterior shot as the cover."", ""3. Tell the story: who built it, what you served, permit and health history, recent upgrades, and why you're selling. Write it for someone who has never seen it."", ""Add a short bio to your profile. Two lines on how long you've run it and why you're selling is plenty."", ""Reply to this email if you have any questions. A real person reads every reply.""], ""alert"": {""tone"": ""info"", ""title"": ""Know another owner who’s selling?"", ""body"": ""Refer them to Vendibook. You may earn $150 once they complete their first transaction within 90 days, after our team reviews it. Details at vendibook.com/referral.""}, ""footnote"": ""Brad · Customer Success, Vendibook"", ""ctaLabel"": ""Edit your listing"", ""ctaUrl"": ""https://vendibook.com/edit-listing/fa7c0293-761e-4f75-8893-f3ecd3f8357f?utm_source=email&utm_medium=concierge&utm_campaign=concierge-v3"", ""secondaryCtaLabel"": ""View your listing"", ""secondaryCtaUrl"": ""https://vendibook.com/listing/fa7c0293-761e-4f75-8893-f3ecd3f8357f?utm_source=email&utm_medium=concierge&utm_campaign=concierge-v3""}"
c03075a0-d1f1-49a9-b428-7d8c409576ce,b5ea28a6-3262-43bd-8e91-2f23eb3a0799,V3,60,1,"Your Food Truck for sale in Us Highway 19 N Palm Harbor  FL is live, and 3 changes to get more buyer messages","Hi {first_name},

Your Food Truck for sale in Us Highway 19 N Palm Harbor  FL is live on Vendibook (https://vendibook.com/listing/b5ea28a6-3262-43bd-8e91-2f23eb3a0799?utm_source=email&utm_medium=concierge&utm_campaign=concierge-v3). I went through it, and these are the changes that will make the biggest difference:

1. Turn on offers. Most buyers at your price start with an offer, and you can set a minimum so lowballs never reach you.
2. Get to 8+ photos: both sides and the back, the serving window, the full kitchen line, the hood and fire-suppression tag, the generator, and the data plate. Use your best exterior shot as the cover.
3. Tell the story: who built it, what you served, permit and health history, recent upgrades, and why you're selling. Write it for someone who has never seen it.

Also: add a short bio to your profile (https://vendibook.com/account?utm_source=email&utm_medium=concierge&utm_campaign=concierge-v3). Two lines on how long you've run it and why you're selling is plenty.

Edit your listing here: https://vendibook.com/edit-listing/b5ea28a6-3262-43bd-8e91-2f23eb3a0799?utm_source=email&utm_medium=concierge&utm_campaign=concierge-v3

Reply if you'd like me to take another look afterwards.

Know another owner who's selling a truck, trailer or kitchen? Refer them to Vendibook. You may earn $150 once they complete their first transaction within 90 days, after our team reviews it. Your link and the terms: https://vendibook.com/referral?utm_source=email&utm_medium=concierge&utm_campaign=referral

Brad
Customer Success, Vendibook",no,generic-notice,"{""subject"": ""Your Food Truck for sale in Us Highway 19 N Palm Harbor  FL is live, and 3 changes to get more buyer messages"", ""preview"": ""Your Food Truck for sale in Us Highway 19 N Palm Harbor  FL is live, and 3 changes to get more buyer messages"", ""kicker"": ""Listing tips from Vendibook"", ""heading"": ""A few changes to get more buyer messages"", ""greeting"": ""Hi {first_name},"", ""paragraphs"": [""Your Food Truck for sale in Us Highway 19 N Palm Harbor  FL is live on Vendibook."", ""These changes will make the biggest difference:"", ""1. Turn on offers. Most buyers at your price start with an offer, and you can set a minimum so lowballs never reach you."", ""2. Get to 8+ photos: both sides and the back, the serving window, the full kitchen line, the hood and fire-suppression tag, the generator, and the data plate. Use your best exterior shot as the cover."", ""3. Tell the story: who built it, what you served, permit and health history, recent upgrades, and why you're selling. Write it for someone who has never seen it."", ""Add a short bio to your profile. Two lines on how long you've run it and why you're selling is plenty."", ""Reply to this email if you have any questions. A real person reads every reply.""], ""alert"": {""tone"": ""info"", ""title"": ""Know another owner who’s selling?"", ""body"": ""Refer them to Vendibook. You may earn $150 once they complete their first transaction within 90 days, after our team reviews it. Details at vendibook.com/referral.""}, ""footnote"": ""Brad · Customer Success, Vendibook"", ""ctaLabel"": ""Edit your listing"", ""ctaUrl"": ""https://vendibook.com/edit-listing/b5ea28a6-3262-43bd-8e91-2f23eb3a0799?utm_source=email&utm_medium=concierge&utm_campaign=concierge-v3"", ""secondaryCtaLabel"": ""View your listing"", ""secondaryCtaUrl"": ""https://vendibook.com/listing/b5ea28a6-3262-43bd-8e91-2f23eb3a0799?utm_source=email&utm_medium=concierge&utm_campaign=concierge-v3""}"
398e66a8-04a9-4c70-b24d-e6736d619b29,cbb5119a-c8f5-45fc-a357-b8e5c15f84d8,V3,60,1,"Your 8x16 Kitchen trailer for sale is live, and 2 changes to get more buyer messages","Hi {first_name},

Your 8x16 Kitchen trailer for sale is live on Vendibook (https://vendibook.com/listing/cbb5119a-c8f5-45fc-a357-b8e5c15f84d8?utm_source=email&utm_medium=concierge&utm_campaign=concierge-v3). I went through it, and these are the changes that will make the biggest difference:

1. Turn on offers. Most buyers at your price start with an offer, and you can set a minimum so lowballs never reach you.
2. Answer the 3 buyer questions: condition, title status, and what's included in the price.

Also: add a photo and a short bio to your profile (https://vendibook.com/account?utm_source=email&utm_medium=concierge&utm_campaign=concierge-v3). Buyers check who they're dealing with before they message.

Edit your listing here: https://vendibook.com/edit-listing/cbb5119a-c8f5-45fc-a357-b8e5c15f84d8?utm_source=email&utm_medium=concierge&utm_campaign=concierge-v3

Reply if you'd like me to take another look afterwards.

Know another owner who's selling a truck, trailer or kitchen? Refer them to Vendibook. You may earn $150 once they complete their first transaction within 90 days, after our team reviews it. Your link and the terms: https://vendibook.com/referral?utm_source=email&utm_medium=concierge&utm_campaign=referral

Brad
Customer Success, Vendibook",no,generic-notice,"{""subject"": ""Your 8x16 Kitchen trailer for sale is live, and 2 changes to get more buyer messages"", ""preview"": ""Your 8x16 Kitchen trailer for sale is live, and 2 changes to get more buyer messages"", ""kicker"": ""Listing tips from Vendibook"", ""heading"": ""A few changes to get more buyer messages"", ""greeting"": ""Hi {first_name},"", ""paragraphs"": [""Your 8x16 Kitchen trailer for sale is live on Vendibook."", ""These changes will make the biggest difference:"", ""1. Turn on offers. Most buyers at your price start with an offer, and you can set a minimum so lowballs never reach you."", ""2. Answer the 3 buyer questions: condition, title status, and what's included in the price."", ""Add a photo and a short bio to your profile. Buyers check who they're dealing with before they message."", ""Reply to this email if you have any questions. A real person reads every reply.""], ""alert"": {""tone"": ""info"", ""title"": ""Know another owner who’s selling?"", ""body"": ""Refer them to Vendibook. You may earn $150 once they complete their first transaction within 90 days, after our team reviews it. Details at vendibook.com/referral.""}, ""footnote"": ""Brad · Customer Success, Vendibook"", ""ctaLabel"": ""Edit your listing"", ""ctaUrl"": ""https://vendibook.com/edit-listing/cbb5119a-c8f5-45fc-a357-b8e5c15f84d8?utm_source=email&utm_medium=concierge&utm_campaign=concierge-v3"", ""secondaryCtaLabel"": ""View your listing"", ""secondaryCtaUrl"": ""https://vendibook.com/listing/cbb5119a-c8f5-45fc-a357-b8e5c15f84d8?utm_source=email&utm_medium=concierge&utm_campaign=concierge-v3""}"
7825c02f-90ed-4e89-b173-dfae547ab1c8,4e50a07a-6909-411b-a4e0-429fee24c52a,V3,60,1,"Your Immaculate Custom 2018 Ford F59 Food Truck by Prestige (Only is live, and 3 changes to get more buyer messages","Hi {first_name},

Your Immaculate Custom 2018 Ford F59 Food Truck by Prestige (Only is live on Vendibook (https://vendibook.com/listing/4e50a07a-6909-411b-a4e0-429fee24c52a?utm_source=email&utm_medium=concierge&utm_campaign=concierge-v3). I went through it, and these are the changes that will make the biggest difference:

1. Turn on offers. Most buyers at your price start with an offer, and you can set a minimum so lowballs never reach you.
2. Answer the 3 buyer questions: condition, title status, and what's included in the price.
3. Show buyers why it's worth the price: add the build year and an equipment list with brands.

Also: add a photo and a short bio to your profile (https://vendibook.com/account?utm_source=email&utm_medium=concierge&utm_campaign=concierge-v3). Buyers check who they're dealing with before they message.

Edit your listing here: https://vendibook.com/edit-listing/4e50a07a-6909-411b-a4e0-429fee24c52a?utm_source=email&utm_medium=concierge&utm_campaign=concierge-v3

Reply if you'd like me to take another look afterwards.

Know another owner who's selling a truck, trailer or kitchen? Refer them to Vendibook. You may earn $150 once they complete their first transaction within 90 days, after our team reviews it. Your link and the terms: https://vendibook.com/referral?utm_source=email&utm_medium=concierge&utm_campaign=referral

Brad
Customer Success, Vendibook",no,generic-notice,"{""subject"": ""Your Immaculate Custom 2018 Ford F59 Food Truck by Prestige (Only is live, and 3 changes to get more buyer messages"", ""preview"": ""Your Immaculate Custom 2018 Ford F59 Food Truck by Prestige (Only is live, and 3 changes to get more buyer messages"", ""kicker"": ""Listing tips from Vendibook"", ""heading"": ""A few changes to get more buyer messages"", ""greeting"": ""Hi {first_name},"", ""paragraphs"": [""Your Immaculate Custom 2018 Ford F59 Food Truck by Prestige (Only is live on Vendibook."", ""These changes will make the biggest difference:"", ""1. Turn on offers. Most buyers at your price start with an offer, and you can set a minimum so lowballs never reach you."", ""2. Answer the 3 buyer questions: condition, title status, and what's included in the price."", ""3. Show buyers why it's worth the price: add the build year and an equipment list with brands."", ""Add a photo and a short bio to your profile. Buyers check who they're dealing with before they message."", ""Reply to this email if you have any questions. A real person reads every reply.""], ""alert"": {""tone"": ""info"", ""title"": ""Know another owner who’s selling?"", ""body"": ""Refer them to Vendibook. You may earn $150 once they complete their first transaction within 90 days, after our team reviews it. Details at vendibook.com/referral.""}, ""footnote"": ""Brad · Customer Success, Vendibook"", ""ctaLabel"": ""Edit your listing"", ""ctaUrl"": ""https://vendibook.com/edit-listing/4e50a07a-6909-411b-a4e0-429fee24c52a?utm_source=email&utm_medium=concierge&utm_campaign=concierge-v3"", ""secondaryCtaLabel"": ""View your listing"", ""secondaryCtaUrl"": ""https://vendibook.com/listing/4e50a07a-6909-411b-a4e0-429fee24c52a?utm_source=email&utm_medium=concierge&utm_campaign=concierge-v3""}"
ef357256-b346-4d79-8933-66e774692152,a27ad5e3-5260-4af1-beca-2a13b82fd733,V3,60,1,"Your My Food Trailer is live, and 2 changes to get more buyer messages","Hi {first_name},

Your My Food Trailer is live on Vendibook (https://vendibook.com/listing/a27ad5e3-5260-4af1-beca-2a13b82fd733?utm_source=email&utm_medium=concierge&utm_campaign=concierge-v3). I went through it, and these are the changes that will make the biggest difference:

1. Turn on offers. Most buyers at your price start with an offer, and you can set a minimum so lowballs never reach you.
2. Answer the 3 buyer questions: condition, title status, and what's included in the price.

Also: add a photo and a short bio to your profile (https://vendibook.com/account?utm_source=email&utm_medium=concierge&utm_campaign=concierge-v3). Buyers check who they're dealing with before they message.

Edit your listing here: https://vendibook.com/edit-listing/a27ad5e3-5260-4af1-beca-2a13b82fd733?utm_source=email&utm_medium=concierge&utm_campaign=concierge-v3

Reply if you'd like me to take another look afterwards.

Know another owner who's selling a truck, trailer or kitchen? Refer them to Vendibook. You may earn $150 once they complete their first transaction within 90 days, after our team reviews it. Your link and the terms: https://vendibook.com/referral?utm_source=email&utm_medium=concierge&utm_campaign=referral

Brad
Customer Success, Vendibook",no,generic-notice,"{""subject"": ""Your My Food Trailer is live, and 2 changes to get more buyer messages"", ""preview"": ""Your My Food Trailer is live, and 2 changes to get more buyer messages"", ""kicker"": ""Listing tips from Vendibook"", ""heading"": ""A few changes to get more buyer messages"", ""greeting"": ""Hi {first_name},"", ""paragraphs"": [""Your My Food Trailer is live on Vendibook."", ""These changes will make the biggest difference:"", ""1. Turn on offers. Most buyers at your price start with an offer, and you can set a minimum so lowballs never reach you."", ""2. Answer the 3 buyer questions: condition, title status, and what's included in the price."", ""Add a photo and a short bio to your profile. Buyers check who they're dealing with before they message."", ""Reply to this email if you have any questions. A real person reads every reply.""], ""alert"": {""tone"": ""info"", ""title"": ""Know another owner who’s selling?"", ""body"": ""Refer them to Vendibook. You may earn $150 once they complete their first transaction within 90 days, after our team reviews it. Details at vendibook.com/referral.""}, ""footnote"": ""Brad · Customer Success, Vendibook"", ""ctaLabel"": ""Edit your listing"", ""ctaUrl"": ""https://vendibook.com/edit-listing/a27ad5e3-5260-4af1-beca-2a13b82fd733?utm_source=email&utm_medium=concierge&utm_campaign=concierge-v3"", ""secondaryCtaLabel"": ""View your listing"", ""secondaryCtaUrl"": ""https://vendibook.com/listing/a27ad5e3-5260-4af1-beca-2a13b82fd733?utm_source=email&utm_medium=concierge&utm_campaign=concierge-v3""}"
43e5249b-9ccb-4c10-85b6-9ec7ac6cfc60,d6f3bf8a-e0c1-4555-8669-31febab1ff55,V3,60,1,"Your General Food Trailer is live, and 3 changes to get more buyer messages","Hi {first_name},

Your General Food Trailer is live on Vendibook (https://vendibook.com/listing/d6f3bf8a-e0c1-4555-8669-31febab1ff55?utm_source=email&utm_medium=concierge&utm_campaign=concierge-v3). I went through it, and these are the changes that will make the biggest difference:

1. Turn on offers. Most buyers at your price start with an offer, and you can set a minimum so lowballs never reach you.
2. Get to 8+ photos: both sides and the back, the serving window, the full kitchen line, the hood and fire-suppression tag, the generator, and the data plate. Use your best exterior shot as the cover.
3. Tell the story: who built it, what you served, permit and health history, recent upgrades, and why you're selling. Write it for someone who has never seen it.

Also: add a photo and a short bio to your profile (https://vendibook.com/account?utm_source=email&utm_medium=concierge&utm_campaign=concierge-v3). Buyers check who they're dealing with before they message.

Edit your listing here: https://vendibook.com/edit-listing/d6f3bf8a-e0c1-4555-8669-31febab1ff55?utm_source=email&utm_medium=concierge&utm_campaign=concierge-v3

Reply if you'd like me to take another look afterwards.

Know another owner who's selling a truck, trailer or kitchen? Refer them to Vendibook. You may earn $150 once they complete their first transaction within 90 days, after our team reviews it. Your link and the terms: https://vendibook.com/referral?utm_source=email&utm_medium=concierge&utm_campaign=referral

Brad
Customer Success, Vendibook",no,generic-notice,"{""subject"": ""Your General Food Trailer is live, and 3 changes to get more buyer messages"", ""preview"": ""Your General Food Trailer is live, and 3 changes to get more buyer messages"", ""kicker"": ""Listing tips from Vendibook"", ""heading"": ""A few changes to get more buyer messages"", ""greeting"": ""Hi {first_name},"", ""paragraphs"": [""Your General Food Trailer is live on Vendibook."", ""These changes will make the biggest difference:"", ""1. Turn on offers. Most buyers at your price start with an offer, and you can set a minimum so lowballs never reach you."", ""2. Get to 8+ photos: both sides and the back, the serving window, the full kitchen line, the hood and fire-suppression tag, the generator, and the data plate. Use your best exterior shot as the cover."", ""3. Tell the story: who built it, what you served, permit and health history, recent upgrades, and why you're selling. Write it for someone who has never seen it."", ""Add a photo and a short bio to your profile. Buyers check who they're dealing with before they message."", ""Reply to this email if you have any questions. A real person reads every reply.""], ""alert"": {""tone"": ""info"", ""title"": ""Know another owner who’s selling?"", ""body"": ""Refer them to Vendibook. You may earn $150 once they complete their first transaction within 90 days, after our team reviews it. Details at vendibook.com/referral.""}, ""footnote"": ""Brad · Customer Success, Vendibook"", ""ctaLabel"": ""Edit your listing"", ""ctaUrl"": ""https://vendibook.com/edit-listing/d6f3bf8a-e0c1-4555-8669-31febab1ff55?utm_source=email&utm_medium=concierge&utm_campaign=concierge-v3"", ""secondaryCtaLabel"": ""View your listing"", ""secondaryCtaUrl"": ""https://vendibook.com/listing/d6f3bf8a-e0c1-4555-8669-31febab1ff55?utm_source=email&utm_medium=concierge&utm_campaign=concierge-v3""}"
5fbd89d5-fa6b-424c-97b8-dea19753eda8,10ae96b2-12c7-413a-a612-92110bc2050e,V3,60,1,"Your Food Truck renovated inside - out is live, and 2 changes to get more buyer messages","Hi {first_name},

Your Food Truck renovated inside - out is live on Vendibook (https://vendibook.com/listing/10ae96b2-12c7-413a-a612-92110bc2050e?utm_source=email&utm_medium=concierge&utm_campaign=concierge-v3). I went through it, and these are the changes that will make the biggest difference:

1. Turn on offers. Most buyers at your price start with an offer, and you can set a minimum so lowballs never reach you.
2. Answer the 3 buyer questions: condition, title status, and what's included in the price.

Also: add a photo and a short bio to your profile (https://vendibook.com/account?utm_source=email&utm_medium=concierge&utm_campaign=concierge-v3). Buyers check who they're dealing with before they message.

Edit your listing here: https://vendibook.com/edit-listing/10ae96b2-12c7-413a-a612-92110bc2050e?utm_source=email&utm_medium=concierge&utm_campaign=concierge-v3

Reply if you'd like me to take another look afterwards.

Know another owner who's selling a truck, trailer or kitchen? Refer them to Vendibook. You may earn $150 once they complete their first transaction within 90 days, after our team reviews it. Your link and the terms: https://vendibook.com/referral?utm_source=email&utm_medium=concierge&utm_campaign=referral

Brad
Customer Success, Vendibook",no,generic-notice,"{""subject"": ""Your Food Truck renovated inside - out is live, and 2 changes to get more buyer messages"", ""preview"": ""Your Food Truck renovated inside - out is live, and 2 changes to get more buyer messages"", ""kicker"": ""Listing tips from Vendibook"", ""heading"": ""A few changes to get more buyer messages"", ""greeting"": ""Hi {first_name},"", ""paragraphs"": [""Your Food Truck renovated inside - out is live on Vendibook."", ""These changes will make the biggest difference:"", ""1. Turn on offers. Most buyers at your price start with an offer, and you can set a minimum so lowballs never reach you."", ""2. Answer the 3 buyer questions: condition, title status, and what's included in the price."", ""Add a photo and a short bio to your profile. Buyers check who they're dealing with before they message."", ""Reply to this email if you have any questions. A real person reads every reply.""], ""alert"": {""tone"": ""info"", ""title"": ""Know another owner who’s selling?"", ""body"": ""Refer them to Vendibook. You may earn $150 once they complete their first transaction within 90 days, after our team reviews it. Details at vendibook.com/referral.""}, ""footnote"": ""Brad · Customer Success, Vendibook"", ""ctaLabel"": ""Edit your listing"", ""ctaUrl"": ""https://vendibook.com/edit-listing/10ae96b2-12c7-413a-a612-92110bc2050e?utm_source=email&utm_medium=concierge&utm_campaign=concierge-v3"", ""secondaryCtaLabel"": ""View your listing"", ""secondaryCtaUrl"": ""https://vendibook.com/listing/10ae96b2-12c7-413a-a612-92110bc2050e?utm_source=email&utm_medium=concierge&utm_campaign=concierge-v3""}"
4bcf4516-26c3-44f5-8ac1-d2555a52a0de,ede54357-a79d-4325-bb1f-153c75fd89dc,V3,60,1,"Your Commercial Kitchen Rental is live, and 3 changes to get more buyer messages","Hi {first_name},

Your Commercial Kitchen Rental is live on Vendibook (https://vendibook.com/listing/ede54357-a79d-4325-bb1f-153c75fd89dc?utm_source=email&utm_medium=concierge&utm_campaign=concierge-v3). I went through it, and these are the changes that will make the biggest difference:

1. Answer the 3 buyer questions: condition, title status, and what's included in the price.
2. Add a 60-second walkaround video. A phone video with no editing is perfect.
3. Turn on instant book so renters can reserve open dates right away.

Also: add a photo and a short bio to your profile (https://vendibook.com/account?utm_source=email&utm_medium=concierge&utm_campaign=concierge-v3). Buyers check who they're dealing with before they message.

Edit your listing here: https://vendibook.com/edit-listing/ede54357-a79d-4325-bb1f-153c75fd89dc?utm_source=email&utm_medium=concierge&utm_campaign=concierge-v3

Reply if you'd like me to take another look afterwards.

Know another owner who's selling a truck, trailer or kitchen? Refer them to Vendibook. You may earn $150 once they complete their first transaction within 90 days, after our team reviews it. Your link and the terms: https://vendibook.com/referral?utm_source=email&utm_medium=concierge&utm_campaign=referral

Brad
Customer Success, Vendibook",no,generic-notice,"{""subject"": ""Your Commercial Kitchen Rental is live, and 3 changes to get more buyer messages"", ""preview"": ""Your Commercial Kitchen Rental is live, and 3 changes to get more buyer messages"", ""kicker"": ""Listing tips from Vendibook"", ""heading"": ""A few changes to get more buyer messages"", ""greeting"": ""Hi {first_name},"", ""paragraphs"": [""Your Commercial Kitchen Rental is live on Vendibook."", ""These changes will make the biggest difference:"", ""1. Answer the 3 buyer questions: condition, title status, and what's included in the price."", ""2. Add a 60-second walkaround video. A phone video with no editing is perfect."", ""3. Turn on instant book so renters can reserve open dates right away."", ""Add a photo and a short bio to your profile. Buyers check who they're dealing with before they message."", ""Reply to this email if you have any questions. A real person reads every reply.""], ""alert"": {""tone"": ""info"", ""title"": ""Know another owner who’s selling?"", ""body"": ""Refer them to Vendibook. You may earn $150 once they complete their first transaction within 90 days, after our team reviews it. Details at vendibook.com/referral.""}, ""footnote"": ""Brad · Customer Success, Vendibook"", ""ctaLabel"": ""Edit your listing"", ""ctaUrl"": ""https://vendibook.com/edit-listing/ede54357-a79d-4325-bb1f-153c75fd89dc?utm_source=email&utm_medium=concierge&utm_campaign=concierge-v3"", ""secondaryCtaLabel"": ""View your listing"", ""secondaryCtaUrl"": ""https://vendibook.com/listing/ede54357-a79d-4325-bb1f-153c75fd89dc?utm_source=email&utm_medium=concierge&utm_campaign=concierge-v3""}"
4b9b8890-4861-44d3-be90-ac9ab4a4f39f,7757ad2a-dae9-4d1c-a9bf-68d703bb53ba,V3-featured,65,1,Your 2024 Food trailer for Rent (AS IS) is featured free for 14 days,"Hi {first_name},

Good news: buyers are already looking at your 2024 Food trailer for Rent (AS IS), so we've featured it on Vendibook for free for 14 days, through October 19. Featured listings show up at the top of the homepage and search: https://vendibook.com/listing/7757ad2a-dae9-4d1c-a9bf-68d703bb53ba?utm_source=email&utm_medium=concierge&utm_campaign=featured-trial

A few changes will help turn that extra attention into buyer messages:

1. Get to 8+ photos: both sides and the back, the serving window, the full kitchen line, the hood and fire-suppression tag, the generator, and the data plate. Use your best exterior shot as the cover.
2. Tell the story: who built it, what you served, permit and health history, recent upgrades, and why you're selling. Write it for someone who has never seen it.
3. Add a 60-second walkaround video. A phone video with no editing is perfect.

Edit your listing here: https://vendibook.com/edit-listing/7757ad2a-dae9-4d1c-a9bf-68d703bb53ba?utm_source=email&utm_medium=concierge&utm_campaign=featured-trial

Also: add a photo and a short bio to your profile (https://vendibook.com/account?utm_source=email&utm_medium=concierge&utm_campaign=featured-trial). Buyers check who they're dealing with before they message.

Reply if you have any questions.

Know another owner who's selling a truck, trailer or kitchen? Refer them to Vendibook. You may earn $150 once they complete their first transaction within 90 days, after our team reviews it. Your link and the terms: https://vendibook.com/referral?utm_source=email&utm_medium=concierge&utm_campaign=referral

Brad
Customer Success, Vendibook",yes,generic-notice,"{""subject"": ""Your 2024 Food trailer for Rent (AS IS) is featured free for 14 days"", ""preview"": ""Your 2024 Food trailer for Rent (AS IS) is featured free for 14 days"", ""kicker"": ""Featured free for 14 days"", ""heading"": ""Your listing is featured"", ""greeting"": ""Hi {first_name},"", ""paragraphs"": [""Good news: buyers are already looking at your 2024 Food trailer for Rent (AS IS), so we've featured it on Vendibook for free for 14 days, through October 19. Featured listings show up at the top of the homepage and search."", ""These changes will make the biggest difference:"", ""1. Get to 8+ photos: both sides and the back, the serving window, the full kitchen line, the hood and fire-suppression tag, the generator, and the data plate. Use your best exterior shot as the cover."", ""2. Tell the story: who built it, what you served, permit and health history, recent upgrades, and why you're selling. Write it for someone who has never seen it."", ""3. Add a 60-second walkaround video. A phone video with no editing is perfect."", ""Add a photo and a short bio to your profile. Buyers check who they're dealing with before they message."", ""Reply to this email if you have any questions. A real person reads every reply.""], ""alert"": {""tone"": ""info"", ""title"": ""Know another owner who’s selling?"", ""body"": ""Refer them to Vendibook. You may earn $150 once they complete their first transaction within 90 days, after our team reviews it. Details at vendibook.com/referral.""}, ""footnote"": ""Brad · Customer Success, Vendibook"", ""ctaLabel"": ""Edit your listing"", ""ctaUrl"": ""https://vendibook.com/edit-listing/7757ad2a-dae9-4d1c-a9bf-68d703bb53ba?utm_source=email&utm_medium=concierge&utm_campaign=featured-trial"", ""secondaryCtaLabel"": ""View your listing"", ""secondaryCtaUrl"": ""https://vendibook.com/listing/7757ad2a-dae9-4d1c-a9bf-68d703bb53ba?utm_source=email&utm_medium=concierge&utm_campaign=featured-trial""}"
8a7bfd22-0a9f-4a8c-8b03-b9ecdf2f82cb,72f3eb0e-24b0-4253-8329-4ba9e5e2e298,V3,65,1,"Your Cedar Tap Trailer is live, and 2 changes to get more buyer messages","Hi {first_name},

Your Cedar Tap Trailer is live on Vendibook (https://vendibook.com/listing/72f3eb0e-24b0-4253-8329-4ba9e5e2e298?utm_source=email&utm_medium=concierge&utm_campaign=concierge-v3). I went through it, and these are the changes that will make the biggest difference:

1. Turn on offers. Most buyers at your price start with an offer, and you can set a minimum so lowballs never reach you.
2. Get to 8+ photos: both sides and the back, the serving window, the full kitchen line, the hood and fire-suppression tag, the generator, and the data plate. Use your best exterior shot as the cover.

Also: add a short bio to your profile (https://vendibook.com/account?utm_source=email&utm_medium=concierge&utm_campaign=concierge-v3). Two lines on how long you've run it and why you're selling is plenty.

Edit your listing here: https://vendibook.com/edit-listing/72f3eb0e-24b0-4253-8329-4ba9e5e2e298?utm_source=email&utm_medium=concierge&utm_campaign=concierge-v3

Reply if you'd like me to take another look afterwards.

Know another owner who's selling a truck, trailer or kitchen? Refer them to Vendibook. You may earn $150 once they complete their first transaction within 90 days, after our team reviews it. Your link and the terms: https://vendibook.com/referral?utm_source=email&utm_medium=concierge&utm_campaign=referral

Brad
Customer Success, Vendibook",no,generic-notice,"{""subject"": ""Your Cedar Tap Trailer is live, and 2 changes to get more buyer messages"", ""preview"": ""Your Cedar Tap Trailer is live, and 2 changes to get more buyer messages"", ""kicker"": ""Listing tips from Vendibook"", ""heading"": ""A few changes to get more buyer messages"", ""greeting"": ""Hi {first_name},"", ""paragraphs"": [""Your Cedar Tap Trailer is live on Vendibook."", ""These changes will make the biggest difference:"", ""1. Turn on offers. Most buyers at your price start with an offer, and you can set a minimum so lowballs never reach you."", ""2. Get to 8+ photos: both sides and the back, the serving window, the full kitchen line, the hood and fire-suppression tag, the generator, and the data plate. Use your best exterior shot as the cover."", ""Add a short bio to your profile. Two lines on how long you've run it and why you're selling is plenty."", ""Reply to this email if you have any questions. A real person reads every reply.""], ""alert"": {""tone"": ""info"", ""title"": ""Know another owner who’s selling?"", ""body"": ""Refer them to Vendibook. You may earn $150 once they complete their first transaction within 90 days, after our team reviews it. Details at vendibook.com/referral.""}, ""footnote"": ""Brad · Customer Success, Vendibook"", ""ctaLabel"": ""Edit your listing"", ""ctaUrl"": ""https://vendibook.com/edit-listing/72f3eb0e-24b0-4253-8329-4ba9e5e2e298?utm_source=email&utm_medium=concierge&utm_campaign=concierge-v3"", ""secondaryCtaLabel"": ""View your listing"", ""secondaryCtaUrl"": ""https://vendibook.com/listing/72f3eb0e-24b0-4253-8329-4ba9e5e2e298?utm_source=email&utm_medium=concierge&utm_campaign=concierge-v3""}"
d332e43e-83f9-47f4-b2b6-6012ffd99f1d,23a6af9a-483b-458d-8f7e-3f248531d028,V3,65,1,"Your 2025 Food Trailer – Fully Equipped – Ready for Business is live, and 3 changes to get more buyer messages","Hi {first_name},

Your 2025 Food Trailer – Fully Equipped – Ready for Business is live on Vendibook (https://vendibook.com/listing/23a6af9a-483b-458d-8f7e-3f248531d028?utm_source=email&utm_medium=concierge&utm_campaign=concierge-v3). I went through it, and these are the changes that will make the biggest difference:

1. Turn on offers. Most buyers at your price start with an offer, and you can set a minimum so lowballs never reach you.
2. Get to 8+ photos: both sides and the back, the serving window, the full kitchen line, the hood and fire-suppression tag, the generator, and the data plate. Use your best exterior shot as the cover.
3. Add a 60-second walkaround video. A phone video with no editing is perfect.

Also: add a short bio to your profile (https://vendibook.com/account?utm_source=email&utm_medium=concierge&utm_campaign=concierge-v3). Two lines on how long you've run it and why you're selling is plenty.

Edit your listing here: https://vendibook.com/edit-listing/23a6af9a-483b-458d-8f7e-3f248531d028?utm_source=email&utm_medium=concierge&utm_campaign=concierge-v3

Reply if you'd like me to take another look afterwards.

Know another owner who's selling a truck, trailer or kitchen? Refer them to Vendibook. You may earn $150 once they complete their first transaction within 90 days, after our team reviews it. Your link and the terms: https://vendibook.com/referral?utm_source=email&utm_medium=concierge&utm_campaign=referral

Brad
Customer Success, Vendibook",no,generic-notice,"{""subject"": ""Your 2025 Food Trailer – Fully Equipped – Ready for Business is live, and 3 changes to get more buyer messages"", ""preview"": ""Your 2025 Food Trailer – Fully Equipped – Ready for Business is live, and 3 changes to get more buyer messages"", ""kicker"": ""Listing tips from Vendibook"", ""heading"": ""A few changes to get more buyer messages"", ""greeting"": ""Hi {first_name},"", ""paragraphs"": [""Your 2025 Food Trailer – Fully Equipped – Ready for Business is live on Vendibook."", ""These changes will make the biggest difference:"", ""1. Turn on offers. Most buyers at your price start with an offer, and you can set a minimum so lowballs never reach you."", ""2. Get to 8+ photos: both sides and the back, the serving window, the full kitchen line, the hood and fire-suppression tag, the generator, and the data plate. Use your best exterior shot as the cover."", ""3. Add a 60-second walkaround video. A phone video with no editing is perfect."", ""Add a short bio to your profile. Two lines on how long you've run it and why you're selling is plenty."", ""Reply to this email if you have any questions. A real person reads every reply.""], ""alert"": {""tone"": ""info"", ""title"": ""Know another owner who’s selling?"", ""body"": ""Refer them to Vendibook. You may earn $150 once they complete their first transaction within 90 days, after our team reviews it. Details at vendibook.com/referral.""}, ""footnote"": ""Brad · Customer Success, Vendibook"", ""ctaLabel"": ""Edit your listing"", ""ctaUrl"": ""https://vendibook.com/edit-listing/23a6af9a-483b-458d-8f7e-3f248531d028?utm_source=email&utm_medium=concierge&utm_campaign=concierge-v3"", ""secondaryCtaLabel"": ""View your listing"", ""secondaryCtaUrl"": ""https://vendibook.com/listing/23a6af9a-483b-458d-8f7e-3f248531d028?utm_source=email&utm_medium=concierge&utm_campaign=concierge-v3""}"
c677e805-e035-48e5-a842-f40101f05657,48d74da6-4702-4669-a601-9fa0463d8693,V3,65,1,"Your TURNKEY  ITALIAN ICE BUSINESS is live, and 3 changes to get more buyer messages","Hi {first_name},

Your TURNKEY  ITALIAN ICE BUSINESS is live on Vendibook (https://vendibook.com/listing/48d74da6-4702-4669-a601-9fa0463d8693?utm_source=email&utm_medium=concierge&utm_campaign=concierge-v3). I went through it, and these are the changes that will make the biggest difference:

1. Turn on offers. Most buyers at your price start with an offer, and you can set a minimum so lowballs never reach you.
2. Get to 8+ photos: both sides and the back, the serving window, the full kitchen line, the hood and fire-suppression tag, the generator, and the data plate. Use your best exterior shot as the cover.
3. Add a 60-second walkaround video. A phone video with no editing is perfect.

Also: add a photo and a short bio to your profile (https://vendibook.com/account?utm_source=email&utm_medium=concierge&utm_campaign=concierge-v3). Buyers check who they're dealing with before they message.

Edit your listing here: https://vendibook.com/edit-listing/48d74da6-4702-4669-a601-9fa0463d8693?utm_source=email&utm_medium=concierge&utm_campaign=concierge-v3

Reply if you'd like me to take another look afterwards.

Know another owner who's selling a truck, trailer or kitchen? Refer them to Vendibook. You may earn $150 once they complete their first transaction within 90 days, after our team reviews it. Your link and the terms: https://vendibook.com/referral?utm_source=email&utm_medium=concierge&utm_campaign=referral

Brad
Customer Success, Vendibook",no,generic-notice,"{""subject"": ""Your TURNKEY  ITALIAN ICE BUSINESS is live, and 3 changes to get more buyer messages"", ""preview"": ""Your TURNKEY  ITALIAN ICE BUSINESS is live, and 3 changes to get more buyer messages"", ""kicker"": ""Listing tips from Vendibook"", ""heading"": ""A few changes to get more buyer messages"", ""greeting"": ""Hi {first_name},"", ""paragraphs"": [""Your TURNKEY  ITALIAN ICE BUSINESS is live on Vendibook."", ""These changes will make the biggest difference:"", ""1. Turn on offers. Most buyers at your price start with an offer, and you can set a minimum so lowballs never reach you."", ""2. Get to 8+ photos: both sides and the back, the serving window, the full kitchen line, the hood and fire-suppression tag, the generator, and the data plate. Use your best exterior shot as the cover."", ""3. Add a 60-second walkaround video. A phone video with no editing is perfect."", ""Add a photo and a short bio to your profile. Buyers check who they're dealing with before they message."", ""Reply to this email if you have any questions. A real person reads every reply.""], ""alert"": {""tone"": ""info"", ""title"": ""Know another owner who’s selling?"", ""body"": ""Refer them to Vendibook. You may earn $150 once they complete their first transaction within 90 days, after our team reviews it. Details at vendibook.com/referral.""}, ""footnote"": ""Brad · Customer Success, Vendibook"", ""ctaLabel"": ""Edit your listing"", ""ctaUrl"": ""https://vendibook.com/edit-listing/48d74da6-4702-4669-a601-9fa0463d8693?utm_source=email&utm_medium=concierge&utm_campaign=concierge-v3"", ""secondaryCtaLabel"": ""View your listing"", ""secondaryCtaUrl"": ""https://vendibook.com/listing/48d74da6-4702-4669-a601-9fa0463d8693?utm_source=email&utm_medium=concierge&utm_campaign=concierge-v3""}"
e887b32d-e6ab-4ed9-bf07-a245b157f79d,7639ec91-baf6-4ca7-95ea-4f489fd173d2,V3,65,1,"Your Shaved Ice trailer/ or business of your choice is live, and 3 changes to get more buyer messages","Hi {first_name},

Your Shaved Ice trailer/ or business of your choice is live on Vendibook (https://vendibook.com/listing/7639ec91-baf6-4ca7-95ea-4f489fd173d2?utm_source=email&utm_medium=concierge&utm_campaign=concierge-v3). I went through it, and these are the changes that will make the biggest difference:

1. Get to 8+ photos: both sides and the back, the serving window, the full kitchen line, the hood and fire-suppression tag, the generator, and the data plate. Use your best exterior shot as the cover.
2. Tell the story: who built it, what you served, permit and health history, recent upgrades, and why you're selling. Write it for someone who has never seen it.
3. Add a 60-second walkaround video. A phone video with no editing is perfect.

Also: add a photo and a short bio to your profile (https://vendibook.com/account?utm_source=email&utm_medium=concierge&utm_campaign=concierge-v3). Buyers check who they're dealing with before they message.

Edit your listing here: https://vendibook.com/edit-listing/7639ec91-baf6-4ca7-95ea-4f489fd173d2?utm_source=email&utm_medium=concierge&utm_campaign=concierge-v3

Reply if you'd like me to take another look afterwards.

Know another owner who's selling a truck, trailer or kitchen? Refer them to Vendibook. You may earn $150 once they complete their first transaction within 90 days, after our team reviews it. Your link and the terms: https://vendibook.com/referral?utm_source=email&utm_medium=concierge&utm_campaign=referral

Brad
Customer Success, Vendibook",no,generic-notice,"{""subject"": ""Your Shaved Ice trailer/ or business of your choice is live, and 3 changes to get more buyer messages"", ""preview"": ""Your Shaved Ice trailer/ or business of your choice is live, and 3 changes to get more buyer messages"", ""kicker"": ""Listing tips from Vendibook"", ""heading"": ""A few changes to get more buyer messages"", ""greeting"": ""Hi {first_name},"", ""paragraphs"": [""Your Shaved Ice trailer/ or business of your choice is live on Vendibook."", ""These changes will make the biggest difference:"", ""1. Get to 8+ photos: both sides and the back, the serving window, the full kitchen line, the hood and fire-suppression tag, the generator, and the data plate. Use your best exterior shot as the cover."", ""2. Tell the story: who built it, what you served, permit and health history, recent upgrades, and why you're selling. Write it for someone who has never seen it."", ""3. Add a 60-second walkaround video. A phone video with no editing is perfect."", ""Add a photo and a short bio to your profile. Buyers check who they're dealing with before they message."", ""Reply to this email if you have any questions. A real person reads every reply.""], ""alert"": {""tone"": ""info"", ""title"": ""Know another owner who’s selling?"", ""body"": ""Refer them to Vendibook. You may earn $150 once they complete their first transaction within 90 days, after our team reviews it. Details at vendibook.com/referral.""}, ""footnote"": ""Brad · Customer Success, Vendibook"", ""ctaLabel"": ""Edit your listing"", ""ctaUrl"": ""https://vendibook.com/edit-listing/7639ec91-baf6-4ca7-95ea-4f489fd173d2?utm_source=email&utm_medium=concierge&utm_campaign=concierge-v3"", ""secondaryCtaLabel"": ""View your listing"", ""secondaryCtaUrl"": ""https://vendibook.com/listing/7639ec91-baf6-4ca7-95ea-4f489fd173d2?utm_source=email&utm_medium=concierge&utm_campaign=concierge-v3""}"
19e20d9f-7703-47a7-91bd-c1c3bce4f10e,254e64f0-863b-4442-ad71-d01ca49f4156,V3,65,1,"Your 2026 6by12 Food Trailer is live, and 3 changes to get more buyer messages","Hi {first_name},

Your 2026 6by12 Food Trailer is live on Vendibook (https://vendibook.com/listing/254e64f0-863b-4442-ad71-d01ca49f4156?utm_source=email&utm_medium=concierge&utm_campaign=concierge-v3). I went through it, and these are the changes that will make the biggest difference:

1. Get to 8+ photos: both sides and the back, the serving window, the full kitchen line, the hood and fire-suppression tag, the generator, and the data plate. Use your best exterior shot as the cover.
2. Tell the story: who built it, what you served, permit and health history, recent upgrades, and why you're selling. Write it for someone who has never seen it.
3. Add a 60-second walkaround video. A phone video with no editing is perfect.

Also: add a short bio to your profile (https://vendibook.com/account?utm_source=email&utm_medium=concierge&utm_campaign=concierge-v3). Two lines on how long you've run it and why you're selling is plenty.

Edit your listing here: https://vendibook.com/edit-listing/254e64f0-863b-4442-ad71-d01ca49f4156?utm_source=email&utm_medium=concierge&utm_campaign=concierge-v3

Reply if you'd like me to take another look afterwards.

Know another owner who's selling a truck, trailer or kitchen? Refer them to Vendibook. You may earn $150 once they complete their first transaction within 90 days, after our team reviews it. Your link and the terms: https://vendibook.com/referral?utm_source=email&utm_medium=concierge&utm_campaign=referral

Brad
Customer Success, Vendibook",no,generic-notice,"{""subject"": ""Your 2026 6by12 Food Trailer is live, and 3 changes to get more buyer messages"", ""preview"": ""Your 2026 6by12 Food Trailer is live, and 3 changes to get more buyer messages"", ""kicker"": ""Listing tips from Vendibook"", ""heading"": ""A few changes to get more buyer messages"", ""greeting"": ""Hi {first_name},"", ""paragraphs"": [""Your 2026 6by12 Food Trailer is live on Vendibook."", ""These changes will make the biggest difference:"", ""1. Get to 8+ photos: both sides and the back, the serving window, the full kitchen line, the hood and fire-suppression tag, the generator, and the data plate. Use your best exterior shot as the cover."", ""2. Tell the story: who built it, what you served, permit and health history, recent upgrades, and why you're selling. Write it for someone who has never seen it."", ""3. Add a 60-second walkaround video. A phone video with no editing is perfect."", ""Add a short bio to your profile. Two lines on how long you've run it and why you're selling is plenty."", ""Reply to this email if you have any questions. A real person reads every reply.""], ""alert"": {""tone"": ""info"", ""title"": ""Know another owner who’s selling?"", ""body"": ""Refer them to Vendibook. You may earn $150 once they complete their first transaction within 90 days, after our team reviews it. Details at vendibook.com/referral.""}, ""footnote"": ""Brad · Customer Success, Vendibook"", ""ctaLabel"": ""Edit your listing"", ""ctaUrl"": ""https://vendibook.com/edit-listing/254e64f0-863b-4442-ad71-d01ca49f4156?utm_source=email&utm_medium=concierge&utm_campaign=concierge-v3"", ""secondaryCtaLabel"": ""View your listing"", ""secondaryCtaUrl"": ""https://vendibook.com/listing/254e64f0-863b-4442-ad71-d01ca49f4156?utm_source=email&utm_medium=concierge&utm_campaign=concierge-v3""}"
25a2c170-d11c-4a4a-b1f6-b034d70ba247,e65b145b-c462-46d9-9198-ca4761361e17,V3,65,1,"Your Coffee trailer is live, and 3 changes to get more buyer messages","Hi {first_name},

Your Coffee trailer is live on Vendibook (https://vendibook.com/listing/e65b145b-c462-46d9-9198-ca4761361e17?utm_source=email&utm_medium=concierge&utm_campaign=concierge-v3). I went through it, and these are the changes that will make the biggest difference:

1. Turn on offers. Most buyers at your price start with an offer, and you can set a minimum so lowballs never reach you.
2. Get to 8+ photos: both sides and the back, the serving window, the full kitchen line, the hood and fire-suppression tag, the generator, and the data plate. Use your best exterior shot as the cover.
3. Add a 60-second walkaround video. A phone video with no editing is perfect.

Also: add a photo and a short bio to your profile (https://vendibook.com/account?utm_source=email&utm_medium=concierge&utm_campaign=concierge-v3). Buyers check who they're dealing with before they message.

Edit your listing here: https://vendibook.com/edit-listing/e65b145b-c462-46d9-9198-ca4761361e17?utm_source=email&utm_medium=concierge&utm_campaign=concierge-v3

Reply if you'd like me to take another look afterwards.

Know another owner who's selling a truck, trailer or kitchen? Refer them to Vendibook. You may earn $150 once they complete their first transaction within 90 days, after our team reviews it. Your link and the terms: https://vendibook.com/referral?utm_source=email&utm_medium=concierge&utm_campaign=referral

Brad
Customer Success, Vendibook",no,generic-notice,"{""subject"": ""Your Coffee trailer is live, and 3 changes to get more buyer messages"", ""preview"": ""Your Coffee trailer is live, and 3 changes to get more buyer messages"", ""kicker"": ""Listing tips from Vendibook"", ""heading"": ""A few changes to get more buyer messages"", ""greeting"": ""Hi {first_name},"", ""paragraphs"": [""Your Coffee trailer is live on Vendibook."", ""These changes will make the biggest difference:"", ""1. Turn on offers. Most buyers at your price start with an offer, and you can set a minimum so lowballs never reach you."", ""2. Get to 8+ photos: both sides and the back, the serving window, the full kitchen line, the hood and fire-suppression tag, the generator, and the data plate. Use your best exterior shot as the cover."", ""3. Add a 60-second walkaround video. A phone video with no editing is perfect."", ""Add a photo and a short bio to your profile. Buyers check who they're dealing with before they message."", ""Reply to this email if you have any questions. A real person reads every reply.""], ""alert"": {""tone"": ""info"", ""title"": ""Know another owner who’s selling?"", ""body"": ""Refer them to Vendibook. You may earn $150 once they complete their first transaction within 90 days, after our team reviews it. Details at vendibook.com/referral.""}, ""footnote"": ""Brad · Customer Success, Vendibook"", ""ctaLabel"": ""Edit your listing"", ""ctaUrl"": ""https://vendibook.com/edit-listing/e65b145b-c462-46d9-9198-ca4761361e17?utm_source=email&utm_medium=concierge&utm_campaign=concierge-v3"", ""secondaryCtaLabel"": ""View your listing"", ""secondaryCtaUrl"": ""https://vendibook.com/listing/e65b145b-c462-46d9-9198-ca4761361e17?utm_source=email&utm_medium=concierge&utm_campaign=concierge-v3""}"
b0de7174-a14c-4b41-adbf-9a75618e40c3,a4b11455-33a8-4789-a3e6-350306c117f4,V3,65,1,"Your Use this instead “Food Trailer for Sale ready to be used” is live, and 3 changes to get more buyer messages","Hi {first_name},

Your Use this instead “Food Trailer for Sale ready to be used” is live on Vendibook (https://vendibook.com/listing/a4b11455-33a8-4789-a3e6-350306c117f4?utm_source=email&utm_medium=concierge&utm_campaign=concierge-v3). I went through it, and these are the changes that will make the biggest difference:

1. Turn on offers. Most buyers at your price start with an offer, and you can set a minimum so lowballs never reach you.
2. Get to 8+ photos: both sides and the back, the serving window, the full kitchen line, the hood and fire-suppression tag, the generator, and the data plate. Use your best exterior shot as the cover.
3. Add a 60-second walkaround video. A phone video with no editing is perfect.

Also: add a photo and a short bio to your profile (https://vendibook.com/account?utm_source=email&utm_medium=concierge&utm_campaign=concierge-v3). Buyers check who they're dealing with before they message.

Edit your listing here: https://vendibook.com/edit-listing/a4b11455-33a8-4789-a3e6-350306c117f4?utm_source=email&utm_medium=concierge&utm_campaign=concierge-v3

Reply if you'd like me to take another look afterwards.

Know another owner who's selling a truck, trailer or kitchen? Refer them to Vendibook. You may earn $150 once they complete their first transaction within 90 days, after our team reviews it. Your link and the terms: https://vendibook.com/referral?utm_source=email&utm_medium=concierge&utm_campaign=referral

Brad
Customer Success, Vendibook",no,generic-notice,"{""subject"": ""Your Use this instead “Food Trailer for Sale ready to be used” is live, and 3 changes to get more buyer messages"", ""preview"": ""Your Use this instead “Food Trailer for Sale ready to be used” is live, and 3 changes to get more buyer messages"", ""kicker"": ""Listing tips from Vendibook"", ""heading"": ""A few changes to get more buyer messages"", ""greeting"": ""Hi {first_name},"", ""paragraphs"": [""Your Use this instead “Food Trailer for Sale ready to be used” is live on Vendibook."", ""These changes will make the biggest difference:"", ""1. Turn on offers. Most buyers at your price start with an offer, and you can set a minimum so lowballs never reach you."", ""2. Get to 8+ photos: both sides and the back, the serving window, the full kitchen line, the hood and fire-suppression tag, the generator, and the data plate. Use your best exterior shot as the cover."", ""3. Add a 60-second walkaround video. A phone video with no editing is perfect."", ""Add a photo and a short bio to your profile. Buyers check who they're dealing with before they message."", ""Reply to this email if you have any questions. A real person reads every reply.""], ""alert"": {""tone"": ""info"", ""title"": ""Know another owner who’s selling?"", ""body"": ""Refer them to Vendibook. You may earn $150 once they complete their first transaction within 90 days, after our team reviews it. Details at vendibook.com/referral.""}, ""footnote"": ""Brad · Customer Success, Vendibook"", ""ctaLabel"": ""Edit your listing"", ""ctaUrl"": ""https://vendibook.com/edit-listing/a4b11455-33a8-4789-a3e6-350306c117f4?utm_source=email&utm_medium=concierge&utm_campaign=concierge-v3"", ""secondaryCtaLabel"": ""View your listing"", ""secondaryCtaUrl"": ""https://vendibook.com/listing/a4b11455-33a8-4789-a3e6-350306c117f4?utm_source=email&utm_medium=concierge&utm_campaign=concierge-v3""}"
24aaf6ef-ad75-4c87-98a7-3fd0bced9f29,4176a4f0-a90a-4cdb-bf3e-b154e3fc3a45,V3,65,1,"Your Food Truck for sale in Lorton  VA is live, and 3 changes to get more buyer messages","Hi {first_name},

Your Food Truck for sale in Lorton  VA is live on Vendibook (https://vendibook.com/listing/4176a4f0-a90a-4cdb-bf3e-b154e3fc3a45?utm_source=email&utm_medium=concierge&utm_campaign=concierge-v3). I went through it, and these are the changes that will make the biggest difference:

1. Turn on offers. Most buyers at your price start with an offer, and you can set a minimum so lowballs never reach you.
2. Get to 8+ photos: both sides and the back, the serving window, the full kitchen line, the hood and fire-suppression tag, the generator, and the data plate. Use your best exterior shot as the cover.
3. Add a 60-second walkaround video. A phone video with no editing is perfect.

Also: add a photo and a short bio to your profile (https://vendibook.com/account?utm_source=email&utm_medium=concierge&utm_campaign=concierge-v3). Buyers check who they're dealing with before they message.

Edit your listing here: https://vendibook.com/edit-listing/4176a4f0-a90a-4cdb-bf3e-b154e3fc3a45?utm_source=email&utm_medium=concierge&utm_campaign=concierge-v3

Reply if you'd like me to take another look afterwards.

Know another owner who's selling a truck, trailer or kitchen? Refer them to Vendibook. You may earn $150 once they complete their first transaction within 90 days, after our team reviews it. Your link and the terms: https://vendibook.com/referral?utm_source=email&utm_medium=concierge&utm_campaign=referral

Brad
Customer Success, Vendibook",no,generic-notice,"{""subject"": ""Your Food Truck for sale in Lorton  VA is live, and 3 changes to get more buyer messages"", ""preview"": ""Your Food Truck for sale in Lorton  VA is live, and 3 changes to get more buyer messages"", ""kicker"": ""Listing tips from Vendibook"", ""heading"": ""A few changes to get more buyer messages"", ""greeting"": ""Hi {first_name},"", ""paragraphs"": [""Your Food Truck for sale in Lorton  VA is live on Vendibook."", ""These changes will make the biggest difference:"", ""1. Turn on offers. Most buyers at your price start with an offer, and you can set a minimum so lowballs never reach you."", ""2. Get to 8+ photos: both sides and the back, the serving window, the full kitchen line, the hood and fire-suppression tag, the generator, and the data plate. Use your best exterior shot as the cover."", ""3. Add a 60-second walkaround video. A phone video with no editing is perfect."", ""Add a photo and a short bio to your profile. Buyers check who they're dealing with before they message."", ""Reply to this email if you have any questions. A real person reads every reply.""], ""alert"": {""tone"": ""info"", ""title"": ""Know another owner who’s selling?"", ""body"": ""Refer them to Vendibook. You may earn $150 once they complete their first transaction within 90 days, after our team reviews it. Details at vendibook.com/referral.""}, ""footnote"": ""Brad · Customer Success, Vendibook"", ""ctaLabel"": ""Edit your listing"", ""ctaUrl"": ""https://vendibook.com/edit-listing/4176a4f0-a90a-4cdb-bf3e-b154e3fc3a45?utm_source=email&utm_medium=concierge&utm_campaign=concierge-v3"", ""secondaryCtaLabel"": ""View your listing"", ""secondaryCtaUrl"": ""https://vendibook.com/listing/4176a4f0-a90a-4cdb-bf3e-b154e3fc3a45?utm_source=email&utm_medium=concierge&utm_campaign=concierge-v3""}"
481e4bf0-531b-4343-bd3b-c4c78795f147,f1a879a6-6c16-4c17-b902-a2c84b1036ff,V3,65,1,"Your Mobile Ice Cream Trailer For Sale - See Profits Fast is live, and 3 changes to get more buyer messages","Hi {first_name},

Your Mobile Ice Cream Trailer For Sale - See Profits Fast is live on Vendibook (https://vendibook.com/listing/f1a879a6-6c16-4c17-b902-a2c84b1036ff?utm_source=email&utm_medium=concierge&utm_campaign=concierge-v3). I went through it, and these are the changes that will make the biggest difference:

1. Turn on offers. Most buyers at your price start with an offer, and you can set a minimum so lowballs never reach you.
2. Get to 8+ photos: both sides and the back, the serving window, the full kitchen line, the hood and fire-suppression tag, the generator, and the data plate. Use your best exterior shot as the cover.
3. Add a 60-second walkaround video. A phone video with no editing is perfect.

Also: add a photo and a short bio to your profile (https://vendibook.com/account?utm_source=email&utm_medium=concierge&utm_campaign=concierge-v3). Buyers check who they're dealing with before they message.

Edit your listing here: https://vendibook.com/edit-listing/f1a879a6-6c16-4c17-b902-a2c84b1036ff?utm_source=email&utm_medium=concierge&utm_campaign=concierge-v3

Reply if you'd like me to take another look afterwards.

Know another owner who's selling a truck, trailer or kitchen? Refer them to Vendibook. You may earn $150 once they complete their first transaction within 90 days, after our team reviews it. Your link and the terms: https://vendibook.com/referral?utm_source=email&utm_medium=concierge&utm_campaign=referral

Brad
Customer Success, Vendibook",no,generic-notice,"{""subject"": ""Your Mobile Ice Cream Trailer For Sale - See Profits Fast is live, and 3 changes to get more buyer messages"", ""preview"": ""Your Mobile Ice Cream Trailer For Sale - See Profits Fast is live, and 3 changes to get more buyer messages"", ""kicker"": ""Listing tips from Vendibook"", ""heading"": ""A few changes to get more buyer messages"", ""greeting"": ""Hi {first_name},"", ""paragraphs"": [""Your Mobile Ice Cream Trailer For Sale - See Profits Fast is live on Vendibook."", ""These changes will make the biggest difference:"", ""1. Turn on offers. Most buyers at your price start with an offer, and you can set a minimum so lowballs never reach you."", ""2. Get to 8+ photos: both sides and the back, the serving window, the full kitchen line, the hood and fire-suppression tag, the generator, and the data plate. Use your best exterior shot as the cover."", ""3. Add a 60-second walkaround video. A phone video with no editing is perfect."", ""Add a photo and a short bio to your profile. Buyers check who they're dealing with before they message."", ""Reply to this email if you have any questions. A real person reads every reply.""], ""alert"": {""tone"": ""info"", ""title"": ""Know another owner who’s selling?"", ""body"": ""Refer them to Vendibook. You may earn $150 once they complete their first transaction within 90 days, after our team reviews it. Details at vendibook.com/referral.""}, ""footnote"": ""Brad · Customer Success, Vendibook"", ""ctaLabel"": ""Edit your listing"", ""ctaUrl"": ""https://vendibook.com/edit-listing/f1a879a6-6c16-4c17-b902-a2c84b1036ff?utm_source=email&utm_medium=concierge&utm_campaign=concierge-v3"", ""secondaryCtaLabel"": ""View your listing"", ""secondaryCtaUrl"": ""https://vendibook.com/listing/f1a879a6-6c16-4c17-b902-a2c84b1036ff?utm_source=email&utm_medium=concierge&utm_campaign=concierge-v3""}"
0a9f8478-95b0-4dea-b82b-b5c0fb5e0c56,86efe80b-2581-47a8-a836-769364460aa6,V3,65,1,"Your Charcuterie cart is live, and 3 changes to get more buyer messages","Hi {first_name},

Your Charcuterie cart is live on Vendibook (https://vendibook.com/listing/86efe80b-2581-47a8-a836-769364460aa6?utm_source=email&utm_medium=concierge&utm_campaign=concierge-v3). I went through it, and these are the changes that will make the biggest difference:

1. Turn on offers. Most buyers at your price start with an offer, and you can set a minimum so lowballs never reach you.
2. Get to 8+ photos: both sides and the back, the serving window, the full kitchen line, the hood and fire-suppression tag, the generator, and the data plate. Use your best exterior shot as the cover.
3. Add a 60-second walkaround video. A phone video with no editing is perfect.

Also: add a short bio to your profile (https://vendibook.com/account?utm_source=email&utm_medium=concierge&utm_campaign=concierge-v3). Two lines on how long you've run it and why you're selling is plenty.

Edit your listing here: https://vendibook.com/edit-listing/86efe80b-2581-47a8-a836-769364460aa6?utm_source=email&utm_medium=concierge&utm_campaign=concierge-v3

Reply if you'd like me to take another look afterwards.

Know another owner who's selling a truck, trailer or kitchen? Refer them to Vendibook. You may earn $150 once they complete their first transaction within 90 days, after our team reviews it. Your link and the terms: https://vendibook.com/referral?utm_source=email&utm_medium=concierge&utm_campaign=referral

Brad
Customer Success, Vendibook",no,generic-notice,"{""subject"": ""Your Charcuterie cart is live, and 3 changes to get more buyer messages"", ""preview"": ""Your Charcuterie cart is live, and 3 changes to get more buyer messages"", ""kicker"": ""Listing tips from Vendibook"", ""heading"": ""A few changes to get more buyer messages"", ""greeting"": ""Hi {first_name},"", ""paragraphs"": [""Your Charcuterie cart is live on Vendibook."", ""These changes will make the biggest difference:"", ""1. Turn on offers. Most buyers at your price start with an offer, and you can set a minimum so lowballs never reach you."", ""2. Get to 8+ photos: both sides and the back, the serving window, the full kitchen line, the hood and fire-suppression tag, the generator, and the data plate. Use your best exterior shot as the cover."", ""3. Add a 60-second walkaround video. A phone video with no editing is perfect."", ""Add a short bio to your profile. Two lines on how long you've run it and why you're selling is plenty."", ""Reply to this email if you have any questions. A real person reads every reply.""], ""alert"": {""tone"": ""info"", ""title"": ""Know another owner who’s selling?"", ""body"": ""Refer them to Vendibook. You may earn $150 once they complete their first transaction within 90 days, after our team reviews it. Details at vendibook.com/referral.""}, ""footnote"": ""Brad · Customer Success, Vendibook"", ""ctaLabel"": ""Edit your listing"", ""ctaUrl"": ""https://vendibook.com/edit-listing/86efe80b-2581-47a8-a836-769364460aa6?utm_source=email&utm_medium=concierge&utm_campaign=concierge-v3"", ""secondaryCtaLabel"": ""View your listing"", ""secondaryCtaUrl"": ""https://vendibook.com/listing/86efe80b-2581-47a8-a836-769364460aa6?utm_source=email&utm_medium=concierge&utm_campaign=concierge-v3""}"
255deb5e-75eb-46c1-853b-1e92b79a20f6,63f45b26-62bc-489e-a43f-8ae56f37217b,V3,70,1,"Your Mailbox style trailer is live, and 3 changes to get more buyer messages","Hi {first_name},

Your Mailbox style trailer is live on Vendibook (https://vendibook.com/listing/63f45b26-62bc-489e-a43f-8ae56f37217b?utm_source=email&utm_medium=concierge&utm_campaign=concierge-v3). I went through it, and these are the changes that will make the biggest difference:

1. Turn on offers. Most buyers at your price start with an offer, and you can set a minimum so lowballs never reach you.
2. Tell the story: who built it, what you served, permit and health history, recent upgrades, and why you're selling. Write it for someone who has never seen it.
3. Add a 60-second walkaround video. A phone video with no editing is perfect.

Also: add a short bio to your profile (https://vendibook.com/account?utm_source=email&utm_medium=concierge&utm_campaign=concierge-v3). Two lines on how long you've run it and why you're selling is plenty.

Edit your listing here: https://vendibook.com/edit-listing/63f45b26-62bc-489e-a43f-8ae56f37217b?utm_source=email&utm_medium=concierge&utm_campaign=concierge-v3

Reply if you'd like me to take another look afterwards.

Know another owner who's selling a truck, trailer or kitchen? Refer them to Vendibook. You may earn $150 once they complete their first transaction within 90 days, after our team reviews it. Your link and the terms: https://vendibook.com/referral?utm_source=email&utm_medium=concierge&utm_campaign=referral

Brad
Customer Success, Vendibook",no,generic-notice,"{""subject"": ""Your Mailbox style trailer is live, and 3 changes to get more buyer messages"", ""preview"": ""Your Mailbox style trailer is live, and 3 changes to get more buyer messages"", ""kicker"": ""Listing tips from Vendibook"", ""heading"": ""A few changes to get more buyer messages"", ""greeting"": ""Hi {first_name},"", ""paragraphs"": [""Your Mailbox style trailer is live on Vendibook."", ""These changes will make the biggest difference:"", ""1. Turn on offers. Most buyers at your price start with an offer, and you can set a minimum so lowballs never reach you."", ""2. Tell the story: who built it, what you served, permit and health history, recent upgrades, and why you're selling. Write it for someone who has never seen it."", ""3. Add a 60-second walkaround video. A phone video with no editing is perfect."", ""Add a short bio to your profile. Two lines on how long you've run it and why you're selling is plenty."", ""Reply to this email if you have any questions. A real person reads every reply.""], ""alert"": {""tone"": ""info"", ""title"": ""Know another owner who’s selling?"", ""body"": ""Refer them to Vendibook. You may earn $150 once they complete their first transaction within 90 days, after our team reviews it. Details at vendibook.com/referral.""}, ""footnote"": ""Brad · Customer Success, Vendibook"", ""ctaLabel"": ""Edit your listing"", ""ctaUrl"": ""https://vendibook.com/edit-listing/63f45b26-62bc-489e-a43f-8ae56f37217b?utm_source=email&utm_medium=concierge&utm_campaign=concierge-v3"", ""secondaryCtaLabel"": ""View your listing"", ""secondaryCtaUrl"": ""https://vendibook.com/listing/63f45b26-62bc-489e-a43f-8ae56f37217b?utm_source=email&utm_medium=concierge&utm_campaign=concierge-v3""}"
0a3a80fa-4189-4c7b-a1cd-f2faf3a4e543,dc2dd4ff-cc23-41a8-8a4f-4e496fc6ff62,V3,70,1,"Your 2002 workhorse P42 6.5 L diesel is live, and 2 changes to get more buyer messages","Hi {first_name},

Your 2002 workhorse P42 6.5 L diesel is live on Vendibook (https://vendibook.com/listing/dc2dd4ff-cc23-41a8-8a4f-4e496fc6ff62?utm_source=email&utm_medium=concierge&utm_campaign=concierge-v3). I went through it, and these are the changes that will make the biggest difference:

1. Get to 8+ photos: both sides and the back, the serving window, the full kitchen line, the hood and fire-suppression tag, the generator, and the data plate. Use your best exterior shot as the cover.
2. Add a 60-second walkaround video. A phone video with no editing is perfect.

Also: add a photo and a short bio to your profile (https://vendibook.com/account?utm_source=email&utm_medium=concierge&utm_campaign=concierge-v3). Buyers check who they're dealing with before they message.

Edit your listing here: https://vendibook.com/edit-listing/dc2dd4ff-cc23-41a8-8a4f-4e496fc6ff62?utm_source=email&utm_medium=concierge&utm_campaign=concierge-v3

Reply if you'd like me to take another look afterwards.

Know another owner who's selling a truck, trailer or kitchen? Refer them to Vendibook. You may earn $150 once they complete their first transaction within 90 days, after our team reviews it. Your link and the terms: https://vendibook.com/referral?utm_source=email&utm_medium=concierge&utm_campaign=referral

Brad
Customer Success, Vendibook",no,generic-notice,"{""subject"": ""Your 2002 workhorse P42 6.5 L diesel is live, and 2 changes to get more buyer messages"", ""preview"": ""Your 2002 workhorse P42 6.5 L diesel is live, and 2 changes to get more buyer messages"", ""kicker"": ""Listing tips from Vendibook"", ""heading"": ""A few changes to get more buyer messages"", ""greeting"": ""Hi {first_name},"", ""paragraphs"": [""Your 2002 workhorse P42 6.5 L diesel is live on Vendibook."", ""These changes will make the biggest difference:"", ""1. Get to 8+ photos: both sides and the back, the serving window, the full kitchen line, the hood and fire-suppression tag, the generator, and the data plate. Use your best exterior shot as the cover."", ""2. Add a 60-second walkaround video. A phone video with no editing is perfect."", ""Add a photo and a short bio to your profile. Buyers check who they're dealing with before they message."", ""Reply to this email if you have any questions. A real person reads every reply.""], ""alert"": {""tone"": ""info"", ""title"": ""Know another owner who’s selling?"", ""body"": ""Refer them to Vendibook. You may earn $150 once they complete their first transaction within 90 days, after our team reviews it. Details at vendibook.com/referral.""}, ""footnote"": ""Brad · Customer Success, Vendibook"", ""ctaLabel"": ""Edit your listing"", ""ctaUrl"": ""https://vendibook.com/edit-listing/dc2dd4ff-cc23-41a8-8a4f-4e496fc6ff62?utm_source=email&utm_medium=concierge&utm_campaign=concierge-v3"", ""secondaryCtaLabel"": ""View your listing"", ""secondaryCtaUrl"": ""https://vendibook.com/listing/dc2dd4ff-cc23-41a8-8a4f-4e496fc6ff62?utm_source=email&utm_medium=concierge&utm_campaign=concierge-v3""}"
dbae84f5-ff6c-4ee9-9a2d-4df7bd74a6a2,287402c2-f933-487e-9b42-e46489d3c26f,V3,70,1,"Your Food truck for sale. is live, and 3 changes to get more buyer messages","Hi {first_name},

Your Food truck for sale. is live on Vendibook (https://vendibook.com/listing/287402c2-f933-487e-9b42-e46489d3c26f?utm_source=email&utm_medium=concierge&utm_campaign=concierge-v3). I went through it, and these are the changes that will make the biggest difference:

1. Turn on offers. Most buyers at your price start with an offer, and you can set a minimum so lowballs never reach you.
2. Tell the story: who built it, what you served, permit and health history, recent upgrades, and why you're selling. Write it for someone who has never seen it.
3. Add a 60-second walkaround video. A phone video with no editing is perfect.

Also: add a short bio to your profile (https://vendibook.com/account?utm_source=email&utm_medium=concierge&utm_campaign=concierge-v3). Two lines on how long you've run it and why you're selling is plenty.

Edit your listing here: https://vendibook.com/edit-listing/287402c2-f933-487e-9b42-e46489d3c26f?utm_source=email&utm_medium=concierge&utm_campaign=concierge-v3

Reply if you'd like me to take another look afterwards.

Know another owner who's selling a truck, trailer or kitchen? Refer them to Vendibook. You may earn $150 once they complete their first transaction within 90 days, after our team reviews it. Your link and the terms: https://vendibook.com/referral?utm_source=email&utm_medium=concierge&utm_campaign=referral

Brad
Customer Success, Vendibook",no,generic-notice,"{""subject"": ""Your Food truck for sale. is live, and 3 changes to get more buyer messages"", ""preview"": ""Your Food truck for sale. is live, and 3 changes to get more buyer messages"", ""kicker"": ""Listing tips from Vendibook"", ""heading"": ""A few changes to get more buyer messages"", ""greeting"": ""Hi {first_name},"", ""paragraphs"": [""Your Food truck for sale. is live on Vendibook."", ""These changes will make the biggest difference:"", ""1. Turn on offers. Most buyers at your price start with an offer, and you can set a minimum so lowballs never reach you."", ""2. Tell the story: who built it, what you served, permit and health history, recent upgrades, and why you're selling. Write it for someone who has never seen it."", ""3. Add a 60-second walkaround video. A phone video with no editing is perfect."", ""Add a short bio to your profile. Two lines on how long you've run it and why you're selling is plenty."", ""Reply to this email if you have any questions. A real person reads every reply.""], ""alert"": {""tone"": ""info"", ""title"": ""Know another owner who’s selling?"", ""body"": ""Refer them to Vendibook. You may earn $150 once they complete their first transaction within 90 days, after our team reviews it. Details at vendibook.com/referral.""}, ""footnote"": ""Brad · Customer Success, Vendibook"", ""ctaLabel"": ""Edit your listing"", ""ctaUrl"": ""https://vendibook.com/edit-listing/287402c2-f933-487e-9b42-e46489d3c26f?utm_source=email&utm_medium=concierge&utm_campaign=concierge-v3"", ""secondaryCtaLabel"": ""View your listing"", ""secondaryCtaUrl"": ""https://vendibook.com/listing/287402c2-f933-487e-9b42-e46489d3c26f?utm_source=email&utm_medium=concierge&utm_campaign=concierge-v3""}"
cc537ce7-d859-4d65-8904-63fa1198cd47,dcf9453f-8422-45d0-b8b5-176d3b288df3,V3,70,1,"Your That's good is live, and 3 changes to get more buyer messages","Hi {first_name},

Your That's good is live on Vendibook (https://vendibook.com/listing/dcf9453f-8422-45d0-b8b5-176d3b288df3?utm_source=email&utm_medium=concierge&utm_campaign=concierge-v3). I went through it, and these are the changes that will make the biggest difference:

1. Turn on offers. Most buyers at your price start with an offer, and you can set a minimum so lowballs never reach you.
2. Tell the story: who built it, what you served, permit and health history, recent upgrades, and why you're selling. Write it for someone who has never seen it.
3. Add a 60-second walkaround video. A phone video with no editing is perfect.

Also: add a photo and a short bio to your profile (https://vendibook.com/account?utm_source=email&utm_medium=concierge&utm_campaign=concierge-v3). Buyers check who they're dealing with before they message.

Edit your listing here: https://vendibook.com/edit-listing/dcf9453f-8422-45d0-b8b5-176d3b288df3?utm_source=email&utm_medium=concierge&utm_campaign=concierge-v3

Reply if you'd like me to take another look afterwards.

Know another owner who's selling a truck, trailer or kitchen? Refer them to Vendibook. You may earn $150 once they complete their first transaction within 90 days, after our team reviews it. Your link and the terms: https://vendibook.com/referral?utm_source=email&utm_medium=concierge&utm_campaign=referral

Brad
Customer Success, Vendibook",no,generic-notice,"{""subject"": ""Your That's good is live, and 3 changes to get more buyer messages"", ""preview"": ""Your That's good is live, and 3 changes to get more buyer messages"", ""kicker"": ""Listing tips from Vendibook"", ""heading"": ""A few changes to get more buyer messages"", ""greeting"": ""Hi {first_name},"", ""paragraphs"": [""Your That's good is live on Vendibook."", ""These changes will make the biggest difference:"", ""1. Turn on offers. Most buyers at your price start with an offer, and you can set a minimum so lowballs never reach you."", ""2. Tell the story: who built it, what you served, permit and health history, recent upgrades, and why you're selling. Write it for someone who has never seen it."", ""3. Add a 60-second walkaround video. A phone video with no editing is perfect."", ""Add a photo and a short bio to your profile. Buyers check who they're dealing with before they message."", ""Reply to this email if you have any questions. A real person reads every reply.""], ""alert"": {""tone"": ""info"", ""title"": ""Know another owner who’s selling?"", ""body"": ""Refer them to Vendibook. You may earn $150 once they complete their first transaction within 90 days, after our team reviews it. Details at vendibook.com/referral.""}, ""footnote"": ""Brad · Customer Success, Vendibook"", ""ctaLabel"": ""Edit your listing"", ""ctaUrl"": ""https://vendibook.com/edit-listing/dcf9453f-8422-45d0-b8b5-176d3b288df3?utm_source=email&utm_medium=concierge&utm_campaign=concierge-v3"", ""secondaryCtaLabel"": ""View your listing"", ""secondaryCtaUrl"": ""https://vendibook.com/listing/dcf9453f-8422-45d0-b8b5-176d3b288df3?utm_source=email&utm_medium=concierge&utm_campaign=concierge-v3""}"
b5179034-aa6a-404d-837f-2ae31a777ab8,be33206d-3b79-476f-b9fa-58421ad17bd1,V3,70,1,"Your Food Trailer for sale in Valley  AL is live, and 3 changes to get more buyer messages","Hi {first_name},

Your Food Trailer for sale in Valley  AL is live on Vendibook (https://vendibook.com/listing/be33206d-3b79-476f-b9fa-58421ad17bd1?utm_source=email&utm_medium=concierge&utm_campaign=concierge-v3). I went through it, and these are the changes that will make the biggest difference:

1. Turn on offers. Most buyers at your price start with an offer, and you can set a minimum so lowballs never reach you.
2. Tell the story: who built it, what you served, permit and health history, recent upgrades, and why you're selling. Write it for someone who has never seen it.
3. Add a 60-second walkaround video. A phone video with no editing is perfect.

Also: add a short bio to your profile (https://vendibook.com/account?utm_source=email&utm_medium=concierge&utm_campaign=concierge-v3). Two lines on how long you've run it and why you're selling is plenty.

Edit your listing here: https://vendibook.com/edit-listing/be33206d-3b79-476f-b9fa-58421ad17bd1?utm_source=email&utm_medium=concierge&utm_campaign=concierge-v3

Reply if you'd like me to take another look afterwards.

Know another owner who's selling a truck, trailer or kitchen? Refer them to Vendibook. You may earn $150 once they complete their first transaction within 90 days, after our team reviews it. Your link and the terms: https://vendibook.com/referral?utm_source=email&utm_medium=concierge&utm_campaign=referral

Brad
Customer Success, Vendibook",no,generic-notice,"{""subject"": ""Your Food Trailer for sale in Valley  AL is live, and 3 changes to get more buyer messages"", ""preview"": ""Your Food Trailer for sale in Valley  AL is live, and 3 changes to get more buyer messages"", ""kicker"": ""Listing tips from Vendibook"", ""heading"": ""A few changes to get more buyer messages"", ""greeting"": ""Hi {first_name},"", ""paragraphs"": [""Your Food Trailer for sale in Valley  AL is live on Vendibook."", ""These changes will make the biggest difference:"", ""1. Turn on offers. Most buyers at your price start with an offer, and you can set a minimum so lowballs never reach you."", ""2. Tell the story: who built it, what you served, permit and health history, recent upgrades, and why you're selling. Write it for someone who has never seen it."", ""3. Add a 60-second walkaround video. A phone video with no editing is perfect."", ""Add a short bio to your profile. Two lines on how long you've run it and why you're selling is plenty."", ""Reply to this email if you have any questions. A real person reads every reply.""], ""alert"": {""tone"": ""info"", ""title"": ""Know another owner who’s selling?"", ""body"": ""Refer them to Vendibook. You may earn $150 once they complete their first transaction within 90 days, after our team reviews it. Details at vendibook.com/referral.""}, ""footnote"": ""Brad · Customer Success, Vendibook"", ""ctaLabel"": ""Edit your listing"", ""ctaUrl"": ""https://vendibook.com/edit-listing/be33206d-3b79-476f-b9fa-58421ad17bd1?utm_source=email&utm_medium=concierge&utm_campaign=concierge-v3"", ""secondaryCtaLabel"": ""View your listing"", ""secondaryCtaUrl"": ""https://vendibook.com/listing/be33206d-3b79-476f-b9fa-58421ad17bd1?utm_source=email&utm_medium=concierge&utm_campaign=concierge-v3""}"
1b987de1-8ef1-407a-8e97-c68a0f248ee0,1ba5e5ac-574c-4223-a6b8-fece3013a32a,V3,70,1,"Your Grill Trailer for Sale in Buckeye Az is live, and 3 changes to get more buyer messages","Hi {first_name},

Your Grill Trailer for Sale in Buckeye Az is live on Vendibook (https://vendibook.com/listing/1ba5e5ac-574c-4223-a6b8-fece3013a32a?utm_source=email&utm_medium=concierge&utm_campaign=concierge-v3). I went through it, and these are the changes that will make the biggest difference:

1. Turn on offers. Most buyers at your price start with an offer, and you can set a minimum so lowballs never reach you.
2. Get to 8+ photos: both sides and the back, the serving window, the full kitchen line, the hood and fire-suppression tag, the generator, and the data plate. Use your best exterior shot as the cover.
3. Tell the story: who built it, what you served, permit and health history, recent upgrades, and why you're selling. Write it for someone who has never seen it.

Also: add a short bio to your profile (https://vendibook.com/account?utm_source=email&utm_medium=concierge&utm_campaign=concierge-v3). Two lines on how long you've run it and why you're selling is plenty.

Edit your listing here: https://vendibook.com/edit-listing/1ba5e5ac-574c-4223-a6b8-fece3013a32a?utm_source=email&utm_medium=concierge&utm_campaign=concierge-v3

Reply if you'd like me to take another look afterwards.

Know another owner who's selling a truck, trailer or kitchen? Refer them to Vendibook. You may earn $150 once they complete their first transaction within 90 days, after our team reviews it. Your link and the terms: https://vendibook.com/referral?utm_source=email&utm_medium=concierge&utm_campaign=referral

Brad
Customer Success, Vendibook",no,generic-notice,"{""subject"": ""Your Grill Trailer for Sale in Buckeye Az is live, and 3 changes to get more buyer messages"", ""preview"": ""Your Grill Trailer for Sale in Buckeye Az is live, and 3 changes to get more buyer messages"", ""kicker"": ""Listing tips from Vendibook"", ""heading"": ""A few changes to get more buyer messages"", ""greeting"": ""Hi {first_name},"", ""paragraphs"": [""Your Grill Trailer for Sale in Buckeye Az is live on Vendibook."", ""These changes will make the biggest difference:"", ""1. Turn on offers. Most buyers at your price start with an offer, and you can set a minimum so lowballs never reach you."", ""2. Get to 8+ photos: both sides and the back, the serving window, the full kitchen line, the hood and fire-suppression tag, the generator, and the data plate. Use your best exterior shot as the cover."", ""3. Tell the story: who built it, what you served, permit and health history, recent upgrades, and why you're selling. Write it for someone who has never seen it."", ""Add a short bio to your profile. Two lines on how long you've run it and why you're selling is plenty."", ""Reply to this email if you have any questions. A real person reads every reply.""], ""alert"": {""tone"": ""info"", ""title"": ""Know another owner who’s selling?"", ""body"": ""Refer them to Vendibook. You may earn $150 once they complete their first transaction within 90 days, after our team reviews it. Details at vendibook.com/referral.""}, ""footnote"": ""Brad · Customer Success, Vendibook"", ""ctaLabel"": ""Edit your listing"", ""ctaUrl"": ""https://vendibook.com/edit-listing/1ba5e5ac-574c-4223-a6b8-fece3013a32a?utm_source=email&utm_medium=concierge&utm_campaign=concierge-v3"", ""secondaryCtaLabel"": ""View your listing"", ""secondaryCtaUrl"": ""https://vendibook.com/listing/1ba5e5ac-574c-4223-a6b8-fece3013a32a?utm_source=email&utm_medium=concierge&utm_campaign=concierge-v3""}"
10f85a74-19e0-4feb-a305-b63ee15831e0,e822783b-ad03-4695-96b9-fae7e8697de2,V3,70,1,"Your That’s perfect is live, and 3 changes to get more buyer messages","Hi {first_name},

Your That’s perfect is live on Vendibook (https://vendibook.com/listing/e822783b-ad03-4695-96b9-fae7e8697de2?utm_source=email&utm_medium=concierge&utm_campaign=concierge-v3). I went through it, and these are the changes that will make the biggest difference:

1. Turn on offers. Most buyers at your price start with an offer, and you can set a minimum so lowballs never reach you.
2. Tell the story: who built it, what you served, permit and health history, recent upgrades, and why you're selling. Write it for someone who has never seen it.
3. Add a 60-second walkaround video. A phone video with no editing is perfect.

Also: add a short bio to your profile (https://vendibook.com/account?utm_source=email&utm_medium=concierge&utm_campaign=concierge-v3). Two lines on how long you've run it and why you're selling is plenty.

Edit your listing here: https://vendibook.com/edit-listing/e822783b-ad03-4695-96b9-fae7e8697de2?utm_source=email&utm_medium=concierge&utm_campaign=concierge-v3

Reply if you'd like me to take another look afterwards.

Know another owner who's selling a truck, trailer or kitchen? Refer them to Vendibook. You may earn $150 once they complete their first transaction within 90 days, after our team reviews it. Your link and the terms: https://vendibook.com/referral?utm_source=email&utm_medium=concierge&utm_campaign=referral

Brad
Customer Success, Vendibook",no,generic-notice,"{""subject"": ""Your That’s perfect is live, and 3 changes to get more buyer messages"", ""preview"": ""Your That’s perfect is live, and 3 changes to get more buyer messages"", ""kicker"": ""Listing tips from Vendibook"", ""heading"": ""A few changes to get more buyer messages"", ""greeting"": ""Hi {first_name},"", ""paragraphs"": [""Your That’s perfect is live on Vendibook."", ""These changes will make the biggest difference:"", ""1. Turn on offers. Most buyers at your price start with an offer, and you can set a minimum so lowballs never reach you."", ""2. Tell the story: who built it, what you served, permit and health history, recent upgrades, and why you're selling. Write it for someone who has never seen it."", ""3. Add a 60-second walkaround video. A phone video with no editing is perfect."", ""Add a short bio to your profile. Two lines on how long you've run it and why you're selling is plenty."", ""Reply to this email if you have any questions. A real person reads every reply.""], ""alert"": {""tone"": ""info"", ""title"": ""Know another owner who’s selling?"", ""body"": ""Refer them to Vendibook. You may earn $150 once they complete their first transaction within 90 days, after our team reviews it. Details at vendibook.com/referral.""}, ""footnote"": ""Brad · Customer Success, Vendibook"", ""ctaLabel"": ""Edit your listing"", ""ctaUrl"": ""https://vendibook.com/edit-listing/e822783b-ad03-4695-96b9-fae7e8697de2?utm_source=email&utm_medium=concierge&utm_campaign=concierge-v3"", ""secondaryCtaLabel"": ""View your listing"", ""secondaryCtaUrl"": ""https://vendibook.com/listing/e822783b-ad03-4695-96b9-fae7e8697de2?utm_source=email&utm_medium=concierge&utm_campaign=concierge-v3""}"
87ea0bdf-4d6a-4e5d-bf5e-4c54f7b9b33a,fcdfd8df-0dd3-4ea7-9121-be902c5081ad,V3,70,1,"Your Permitted and ready to use food truck. Comes with: is live, and 3 changes to get more buyer messages","Hi {first_name},

Your Permitted and ready to use food truck. Comes with: is live on Vendibook (https://vendibook.com/listing/fcdfd8df-0dd3-4ea7-9121-be902c5081ad?utm_source=email&utm_medium=concierge&utm_campaign=concierge-v3). I went through it, and these are the changes that will make the biggest difference:

1. Turn on offers. Most buyers at your price start with an offer, and you can set a minimum so lowballs never reach you.
2. Tell the story: who built it, what you served, permit and health history, recent upgrades, and why you're selling. Write it for someone who has never seen it.
3. Add a 60-second walkaround video. A phone video with no editing is perfect.

Also: add a short bio to your profile (https://vendibook.com/account?utm_source=email&utm_medium=concierge&utm_campaign=concierge-v3). Two lines on how long you've run it and why you're selling is plenty.

Edit your listing here: https://vendibook.com/edit-listing/fcdfd8df-0dd3-4ea7-9121-be902c5081ad?utm_source=email&utm_medium=concierge&utm_campaign=concierge-v3

Reply if you'd like me to take another look afterwards.

Know another owner who's selling a truck, trailer or kitchen? Refer them to Vendibook. You may earn $150 once they complete their first transaction within 90 days, after our team reviews it. Your link and the terms: https://vendibook.com/referral?utm_source=email&utm_medium=concierge&utm_campaign=referral

Brad
Customer Success, Vendibook",no,generic-notice,"{""subject"": ""Your Permitted and ready to use food truck. Comes with: is live, and 3 changes to get more buyer messages"", ""preview"": ""Your Permitted and ready to use food truck. Comes with: is live, and 3 changes to get more buyer messages"", ""kicker"": ""Listing tips from Vendibook"", ""heading"": ""A few changes to get more buyer messages"", ""greeting"": ""Hi {first_name},"", ""paragraphs"": [""Your Permitted and ready to use food truck. Comes with: is live on Vendibook."", ""These changes will make the biggest difference:"", ""1. Turn on offers. Most buyers at your price start with an offer, and you can set a minimum so lowballs never reach you."", ""2. Tell the story: who built it, what you served, permit and health history, recent upgrades, and why you're selling. Write it for someone who has never seen it."", ""3. Add a 60-second walkaround video. A phone video with no editing is perfect."", ""Add a short bio to your profile. Two lines on how long you've run it and why you're selling is plenty."", ""Reply to this email if you have any questions. A real person reads every reply.""], ""alert"": {""tone"": ""info"", ""title"": ""Know another owner who’s selling?"", ""body"": ""Refer them to Vendibook. You may earn $150 once they complete their first transaction within 90 days, after our team reviews it. Details at vendibook.com/referral.""}, ""footnote"": ""Brad · Customer Success, Vendibook"", ""ctaLabel"": ""Edit your listing"", ""ctaUrl"": ""https://vendibook.com/edit-listing/fcdfd8df-0dd3-4ea7-9121-be902c5081ad?utm_source=email&utm_medium=concierge&utm_campaign=concierge-v3"", ""secondaryCtaLabel"": ""View your listing"", ""secondaryCtaUrl"": ""https://vendibook.com/listing/fcdfd8df-0dd3-4ea7-9121-be902c5081ad?utm_source=email&utm_medium=concierge&utm_campaign=concierge-v3""}"
7ca772e6-dfcc-482c-af31-5fe1fe7be26c,569f76e2-d019-48e7-b2c7-56ca326682c8,V3,70,1,"Your 2022 food trailer fully equipped just need fridges is live, and 3 changes to get more buyer messages","Hi {first_name},

Your 2022 food trailer fully equipped just need fridges is live on Vendibook (https://vendibook.com/listing/569f76e2-d019-48e7-b2c7-56ca326682c8?utm_source=email&utm_medium=concierge&utm_campaign=concierge-v3). I went through it, and these are the changes that will make the biggest difference:

1. Turn on offers. Most buyers at your price start with an offer, and you can set a minimum so lowballs never reach you.
2. Tell the story: who built it, what you served, permit and health history, recent upgrades, and why you're selling. Write it for someone who has never seen it.
3. Add a 60-second walkaround video. A phone video with no editing is perfect.

Also: add a short bio to your profile (https://vendibook.com/account?utm_source=email&utm_medium=concierge&utm_campaign=concierge-v3). Two lines on how long you've run it and why you're selling is plenty.

Edit your listing here: https://vendibook.com/edit-listing/569f76e2-d019-48e7-b2c7-56ca326682c8?utm_source=email&utm_medium=concierge&utm_campaign=concierge-v3

Reply if you'd like me to take another look afterwards.

Know another owner who's selling a truck, trailer or kitchen? Refer them to Vendibook. You may earn $150 once they complete their first transaction within 90 days, after our team reviews it. Your link and the terms: https://vendibook.com/referral?utm_source=email&utm_medium=concierge&utm_campaign=referral

Brad
Customer Success, Vendibook",no,generic-notice,"{""subject"": ""Your 2022 food trailer fully equipped just need fridges is live, and 3 changes to get more buyer messages"", ""preview"": ""Your 2022 food trailer fully equipped just need fridges is live, and 3 changes to get more buyer messages"", ""kicker"": ""Listing tips from Vendibook"", ""heading"": ""A few changes to get more buyer messages"", ""greeting"": ""Hi {first_name},"", ""paragraphs"": [""Your 2022 food trailer fully equipped just need fridges is live on Vendibook."", ""These changes will make the biggest difference:"", ""1. Turn on offers. Most buyers at your price start with an offer, and you can set a minimum so lowballs never reach you."", ""2. Tell the story: who built it, what you served, permit and health history, recent upgrades, and why you're selling. Write it for someone who has never seen it."", ""3. Add a 60-second walkaround video. A phone video with no editing is perfect."", ""Add a short bio to your profile. Two lines on how long you've run it and why you're selling is plenty."", ""Reply to this email if you have any questions. A real person reads every reply.""], ""alert"": {""tone"": ""info"", ""title"": ""Know another owner who’s selling?"", ""body"": ""Refer them to Vendibook. You may earn $150 once they complete their first transaction within 90 days, after our team reviews it. Details at vendibook.com/referral.""}, ""footnote"": ""Brad · Customer Success, Vendibook"", ""ctaLabel"": ""Edit your listing"", ""ctaUrl"": ""https://vendibook.com/edit-listing/569f76e2-d019-48e7-b2c7-56ca326682c8?utm_source=email&utm_medium=concierge&utm_campaign=concierge-v3"", ""secondaryCtaLabel"": ""View your listing"", ""secondaryCtaUrl"": ""https://vendibook.com/listing/569f76e2-d019-48e7-b2c7-56ca326682c8?utm_source=email&utm_medium=concierge&utm_campaign=concierge-v3""}"
f5b89993-dec9-43e9-9217-ef26c458431d,c0bbaea5-266b-4d14-8d38-6a570754928f,V3,70,1,"Your Food Truck for sale in Nashville  TN is live, and 3 changes to get more buyer messages","Hi {first_name},

Your Food Truck for sale in Nashville  TN is live on Vendibook (https://vendibook.com/listing/c0bbaea5-266b-4d14-8d38-6a570754928f?utm_source=email&utm_medium=concierge&utm_campaign=concierge-v3). I went through it, and these are the changes that will make the biggest difference:

1. Turn on offers. Most buyers at your price start with an offer, and you can set a minimum so lowballs never reach you.
2. Tell the story: who built it, what you served, permit and health history, recent upgrades, and why you're selling. Write it for someone who has never seen it.
3. Add a 60-second walkaround video. A phone video with no editing is perfect.

Also: add a short bio to your profile (https://vendibook.com/account?utm_source=email&utm_medium=concierge&utm_campaign=concierge-v3). Two lines on how long you've run it and why you're selling is plenty.

Edit your listing here: https://vendibook.com/edit-listing/c0bbaea5-266b-4d14-8d38-6a570754928f?utm_source=email&utm_medium=concierge&utm_campaign=concierge-v3

Reply if you'd like me to take another look afterwards.

Know another owner who's selling a truck, trailer or kitchen? Refer them to Vendibook. You may earn $150 once they complete their first transaction within 90 days, after our team reviews it. Your link and the terms: https://vendibook.com/referral?utm_source=email&utm_medium=concierge&utm_campaign=referral

Brad
Customer Success, Vendibook",no,generic-notice,"{""subject"": ""Your Food Truck for sale in Nashville  TN is live, and 3 changes to get more buyer messages"", ""preview"": ""Your Food Truck for sale in Nashville  TN is live, and 3 changes to get more buyer messages"", ""kicker"": ""Listing tips from Vendibook"", ""heading"": ""A few changes to get more buyer messages"", ""greeting"": ""Hi {first_name},"", ""paragraphs"": [""Your Food Truck for sale in Nashville  TN is live on Vendibook."", ""These changes will make the biggest difference:"", ""1. Turn on offers. Most buyers at your price start with an offer, and you can set a minimum so lowballs never reach you."", ""2. Tell the story: who built it, what you served, permit and health history, recent upgrades, and why you're selling. Write it for someone who has never seen it."", ""3. Add a 60-second walkaround video. A phone video with no editing is perfect."", ""Add a short bio to your profile. Two lines on how long you've run it and why you're selling is plenty."", ""Reply to this email if you have any questions. A real person reads every reply.""], ""alert"": {""tone"": ""info"", ""title"": ""Know another owner who’s selling?"", ""body"": ""Refer them to Vendibook. You may earn $150 once they complete their first transaction within 90 days, after our team reviews it. Details at vendibook.com/referral.""}, ""footnote"": ""Brad · Customer Success, Vendibook"", ""ctaLabel"": ""Edit your listing"", ""ctaUrl"": ""https://vendibook.com/edit-listing/c0bbaea5-266b-4d14-8d38-6a570754928f?utm_source=email&utm_medium=concierge&utm_campaign=concierge-v3"", ""secondaryCtaLabel"": ""View your listing"", ""secondaryCtaUrl"": ""https://vendibook.com/listing/c0bbaea5-266b-4d14-8d38-6a570754928f?utm_source=email&utm_medium=concierge&utm_campaign=concierge-v3""}"
fd6d1bb3-3cd6-407c-af2c-9456479dd42b,c4113bc0-bd6e-41d5-bfd5-7eb135465c36,V3-featured,75,1,Your Turnkey Food Truck for sale Hiram  GA! is featured free for 14 days,"Hi {first_name},

Good news: buyers are already looking at your Turnkey Food Truck for sale Hiram  GA!, so we've featured it on Vendibook for free for 14 days, through October 19. Featured listings show up at the top of the homepage and search: https://vendibook.com/listing/c4113bc0-bd6e-41d5-bfd5-7eb135465c36?utm_source=email&utm_medium=concierge&utm_campaign=featured-trial

A few changes will help turn that extra attention into buyer messages:

1. Turn on offers. Most buyers at your price start with an offer, and you can set a minimum so lowballs never reach you.
2. Add a 60-second walkaround video. A phone video with no editing is perfect.

Edit your listing here: https://vendibook.com/edit-listing/c4113bc0-bd6e-41d5-bfd5-7eb135465c36?utm_source=email&utm_medium=concierge&utm_campaign=featured-trial

Also: add a photo and a short bio to your profile (https://vendibook.com/account?utm_source=email&utm_medium=concierge&utm_campaign=featured-trial). Buyers check who they're dealing with before they message.

Reply if you have any questions.

Know another owner who's selling a truck, trailer or kitchen? Refer them to Vendibook. You may earn $150 once they complete their first transaction within 90 days, after our team reviews it. Your link and the terms: https://vendibook.com/referral?utm_source=email&utm_medium=concierge&utm_campaign=referral

Brad
Customer Success, Vendibook",yes,generic-notice,"{""subject"": ""Your Turnkey Food Truck for sale Hiram  GA! is featured free for 14 days"", ""preview"": ""Your Turnkey Food Truck for sale Hiram  GA! is featured free for 14 days"", ""kicker"": ""Featured free for 14 days"", ""heading"": ""Your listing is featured"", ""greeting"": ""Hi {first_name},"", ""paragraphs"": [""Good news: buyers are already looking at your Turnkey Food Truck for sale Hiram  GA!, so we've featured it on Vendibook for free for 14 days, through October 19. Featured listings show up at the top of the homepage and search."", ""These changes will make the biggest difference:"", ""1. Turn on offers. Most buyers at your price start with an offer, and you can set a minimum so lowballs never reach you."", ""2. Add a 60-second walkaround video. A phone video with no editing is perfect."", ""Add a photo and a short bio to your profile. Buyers check who they're dealing with before they message."", ""Reply to this email if you have any questions. A real person reads every reply.""], ""alert"": {""tone"": ""info"", ""title"": ""Know another owner who’s selling?"", ""body"": ""Refer them to Vendibook. You may earn $150 once they complete their first transaction within 90 days, after our team reviews it. Details at vendibook.com/referral.""}, ""footnote"": ""Brad · Customer Success, Vendibook"", ""ctaLabel"": ""Edit your listing"", ""ctaUrl"": ""https://vendibook.com/edit-listing/c4113bc0-bd6e-41d5-bfd5-7eb135465c36?utm_source=email&utm_medium=concierge&utm_campaign=featured-trial"", ""secondaryCtaLabel"": ""View your listing"", ""secondaryCtaUrl"": ""https://vendibook.com/listing/c4113bc0-bd6e-41d5-bfd5-7eb135465c36?utm_source=email&utm_medium=concierge&utm_campaign=featured-trial""}"
d9713d50-f42b-4702-8589-bcaf5b5fb6d3,acb2ab5c-afc8-45e1-96d0-45b9d6ca001a,V3,75,1,"Your Food Trailer for sale in Frostproof  FL is live, and 2 changes to get more buyer messages","Hi {first_name},

Your Food Trailer for sale in Frostproof  FL is live on Vendibook (https://vendibook.com/listing/acb2ab5c-afc8-45e1-96d0-45b9d6ca001a?utm_source=email&utm_medium=concierge&utm_campaign=concierge-v3). I went through it, and these are the changes that will make the biggest difference:

1. Turn on offers. Most buyers at your price start with an offer, and you can set a minimum so lowballs never reach you.
2. Add a 60-second walkaround video. A phone video with no editing is perfect.

Also: add a short bio to your profile (https://vendibook.com/account?utm_source=email&utm_medium=concierge&utm_campaign=concierge-v3). Two lines on how long you've run it and why you're selling is plenty.

Edit your listing here: https://vendibook.com/edit-listing/acb2ab5c-afc8-45e1-96d0-45b9d6ca001a?utm_source=email&utm_medium=concierge&utm_campaign=concierge-v3

Reply if you'd like me to take another look afterwards.

Know another owner who's selling a truck, trailer or kitchen? Refer them to Vendibook. You may earn $150 once they complete their first transaction within 90 days, after our team reviews it. Your link and the terms: https://vendibook.com/referral?utm_source=email&utm_medium=concierge&utm_campaign=referral

Brad
Customer Success, Vendibook",no,generic-notice,"{""subject"": ""Your Food Trailer for sale in Frostproof  FL is live, and 2 changes to get more buyer messages"", ""preview"": ""Your Food Trailer for sale in Frostproof  FL is live, and 2 changes to get more buyer messages"", ""kicker"": ""Listing tips from Vendibook"", ""heading"": ""A few changes to get more buyer messages"", ""greeting"": ""Hi {first_name},"", ""paragraphs"": [""Your Food Trailer for sale in Frostproof  FL is live on Vendibook."", ""These changes will make the biggest difference:"", ""1. Turn on offers. Most buyers at your price start with an offer, and you can set a minimum so lowballs never reach you."", ""2. Add a 60-second walkaround video. A phone video with no editing is perfect."", ""Add a short bio to your profile. Two lines on how long you've run it and why you're selling is plenty."", ""Reply to this email if you have any questions. A real person reads every reply.""], ""alert"": {""tone"": ""info"", ""title"": ""Know another owner who’s selling?"", ""body"": ""Refer them to Vendibook. You may earn $150 once they complete their first transaction within 90 days, after our team reviews it. Details at vendibook.com/referral.""}, ""footnote"": ""Brad · Customer Success, Vendibook"", ""ctaLabel"": ""Edit your listing"", ""ctaUrl"": ""https://vendibook.com/edit-listing/acb2ab5c-afc8-45e1-96d0-45b9d6ca001a?utm_source=email&utm_medium=concierge&utm_campaign=concierge-v3"", ""secondaryCtaLabel"": ""View your listing"", ""secondaryCtaUrl"": ""https://vendibook.com/listing/acb2ab5c-afc8-45e1-96d0-45b9d6ca001a?utm_source=email&utm_medium=concierge&utm_campaign=concierge-v3""}"
e6e866b2-a0aa-4466-9054-d2f849903108,b6f99adb-53a4-4f02-90f8-cc66c87ad33b,V3,75,1,"Your 2009 Workhorse Food Truck — Fully Equipped — Clear Title — $ is live, and 2 changes to get more buyer messages","Hi {first_name},

Your 2009 Workhorse Food Truck — Fully Equipped — Clear Title — $ is live on Vendibook (https://vendibook.com/listing/b6f99adb-53a4-4f02-90f8-cc66c87ad33b?utm_source=email&utm_medium=concierge&utm_campaign=concierge-v3). I went through it, and these are the changes that will make the biggest difference:

1. Turn on offers. Most buyers at your price start with an offer, and you can set a minimum so lowballs never reach you.
2. Add a 60-second walkaround video. A phone video with no editing is perfect.

Also: add a photo and a short bio to your profile (https://vendibook.com/account?utm_source=email&utm_medium=concierge&utm_campaign=concierge-v3). Buyers check who they're dealing with before they message.

Edit your listing here: https://vendibook.com/edit-listing/b6f99adb-53a4-4f02-90f8-cc66c87ad33b?utm_source=email&utm_medium=concierge&utm_campaign=concierge-v3

Reply if you'd like me to take another look afterwards.

Know another owner who's selling a truck, trailer or kitchen? Refer them to Vendibook. You may earn $150 once they complete their first transaction within 90 days, after our team reviews it. Your link and the terms: https://vendibook.com/referral?utm_source=email&utm_medium=concierge&utm_campaign=referral

Brad
Customer Success, Vendibook",no,generic-notice,"{""subject"": ""Your 2009 Workhorse Food Truck — Fully Equipped — Clear Title — $ is live, and 2 changes to get more buyer messages"", ""preview"": ""Your 2009 Workhorse Food Truck — Fully Equipped — Clear Title — $ is live, and 2 changes to get more buyer messages"", ""kicker"": ""Listing tips from Vendibook"", ""heading"": ""A few changes to get more buyer messages"", ""greeting"": ""Hi {first_name},"", ""paragraphs"": [""Your 2009 Workhorse Food Truck — Fully Equipped — Clear Title — $ is live on Vendibook."", ""These changes will make the biggest difference:"", ""1. Turn on offers. Most buyers at your price start with an offer, and you can set a minimum so lowballs never reach you."", ""2. Add a 60-second walkaround video. A phone video with no editing is perfect."", ""Add a photo and a short bio to your profile. Buyers check who they're dealing with before they message."", ""Reply to this email if you have any questions. A real person reads every reply.""], ""alert"": {""tone"": ""info"", ""title"": ""Know another owner who’s selling?"", ""body"": ""Refer them to Vendibook. You may earn $150 once they complete their first transaction within 90 days, after our team reviews it. Details at vendibook.com/referral.""}, ""footnote"": ""Brad · Customer Success, Vendibook"", ""ctaLabel"": ""Edit your listing"", ""ctaUrl"": ""https://vendibook.com/edit-listing/b6f99adb-53a4-4f02-90f8-cc66c87ad33b?utm_source=email&utm_medium=concierge&utm_campaign=concierge-v3"", ""secondaryCtaLabel"": ""View your listing"", ""secondaryCtaUrl"": ""https://vendibook.com/listing/b6f99adb-53a4-4f02-90f8-cc66c87ad33b?utm_source=email&utm_medium=concierge&utm_campaign=concierge-v3""}"
5b02ce18-d79c-424d-ba45-621a6d29d2fe,9ad68341-90d5-4dd7-b745-17041bdbc0c2,V3,75,1,"Your Brand new  never used food trailer available in Emeryville. is live, and 2 changes to get more buyer messages","Hi {first_name},

Your Brand new  never used food trailer available in Emeryville. is live on Vendibook (https://vendibook.com/listing/9ad68341-90d5-4dd7-b745-17041bdbc0c2?utm_source=email&utm_medium=concierge&utm_campaign=concierge-v3). I went through it, and these are the changes that will make the biggest difference:

1. Turn on offers. Most buyers at your price start with an offer, and you can set a minimum so lowballs never reach you.
2. Add a 60-second walkaround video. A phone video with no editing is perfect.

Also: add a short bio to your profile (https://vendibook.com/account?utm_source=email&utm_medium=concierge&utm_campaign=concierge-v3). Two lines on how long you've run it and why you're selling is plenty.

Edit your listing here: https://vendibook.com/edit-listing/9ad68341-90d5-4dd7-b745-17041bdbc0c2?utm_source=email&utm_medium=concierge&utm_campaign=concierge-v3

Reply if you'd like me to take another look afterwards.

Know another owner who's selling a truck, trailer or kitchen? Refer them to Vendibook. You may earn $150 once they complete their first transaction within 90 days, after our team reviews it. Your link and the terms: https://vendibook.com/referral?utm_source=email&utm_medium=concierge&utm_campaign=referral

Brad
Customer Success, Vendibook",no,generic-notice,"{""subject"": ""Your Brand new  never used food trailer available in Emeryville. is live, and 2 changes to get more buyer messages"", ""preview"": ""Your Brand new  never used food trailer available in Emeryville. is live, and 2 changes to get more buyer messages"", ""kicker"": ""Listing tips from Vendibook"", ""heading"": ""A few changes to get more buyer messages"", ""greeting"": ""Hi {first_name},"", ""paragraphs"": [""Your Brand new  never used food trailer available in Emeryville. is live on Vendibook."", ""These changes will make the biggest difference:"", ""1. Turn on offers. Most buyers at your price start with an offer, and you can set a minimum so lowballs never reach you."", ""2. Add a 60-second walkaround video. A phone video with no editing is perfect."", ""Add a short bio to your profile. Two lines on how long you've run it and why you're selling is plenty."", ""Reply to this email if you have any questions. A real person reads every reply.""], ""alert"": {""tone"": ""info"", ""title"": ""Know another owner who’s selling?"", ""body"": ""Refer them to Vendibook. You may earn $150 once they complete their first transaction within 90 days, after our team reviews it. Details at vendibook.com/referral.""}, ""footnote"": ""Brad · Customer Success, Vendibook"", ""ctaLabel"": ""Edit your listing"", ""ctaUrl"": ""https://vendibook.com/edit-listing/9ad68341-90d5-4dd7-b745-17041bdbc0c2?utm_source=email&utm_medium=concierge&utm_campaign=concierge-v3"", ""secondaryCtaLabel"": ""View your listing"", ""secondaryCtaUrl"": ""https://vendibook.com/listing/9ad68341-90d5-4dd7-b745-17041bdbc0c2?utm_source=email&utm_medium=concierge&utm_campaign=concierge-v3""}"
e505dff9-a6ff-41dc-a71c-737cfa67041c,109f57be-b1c6-41bb-a2a1-bc8c3efa8e51,V3,75,1,"Your Use Sno Cone/Beverage Trailer in Harker Heights  tx is live, and 2 changes to get more buyer messages","Hi {first_name},

Your Use Sno Cone/Beverage Trailer in Harker Heights  tx is live on Vendibook (https://vendibook.com/listing/109f57be-b1c6-41bb-a2a1-bc8c3efa8e51?utm_source=email&utm_medium=concierge&utm_campaign=concierge-v3). I went through it, and these are the changes that will make the biggest difference:

1. Turn on offers. Most buyers at your price start with an offer, and you can set a minimum so lowballs never reach you.
2. Add a 60-second walkaround video. A phone video with no editing is perfect.

Also: add a short bio to your profile (https://vendibook.com/account?utm_source=email&utm_medium=concierge&utm_campaign=concierge-v3). Two lines on how long you've run it and why you're selling is plenty.

Edit your listing here: https://vendibook.com/edit-listing/109f57be-b1c6-41bb-a2a1-bc8c3efa8e51?utm_source=email&utm_medium=concierge&utm_campaign=concierge-v3

Reply if you'd like me to take another look afterwards.

Know another owner who's selling a truck, trailer or kitchen? Refer them to Vendibook. You may earn $150 once they complete their first transaction within 90 days, after our team reviews it. Your link and the terms: https://vendibook.com/referral?utm_source=email&utm_medium=concierge&utm_campaign=referral

Brad
Customer Success, Vendibook",no,generic-notice,"{""subject"": ""Your Use Sno Cone/Beverage Trailer in Harker Heights  tx is live, and 2 changes to get more buyer messages"", ""preview"": ""Your Use Sno Cone/Beverage Trailer in Harker Heights  tx is live, and 2 changes to get more buyer messages"", ""kicker"": ""Listing tips from Vendibook"", ""heading"": ""A few changes to get more buyer messages"", ""greeting"": ""Hi {first_name},"", ""paragraphs"": [""Your Use Sno Cone/Beverage Trailer in Harker Heights  tx is live on Vendibook."", ""These changes will make the biggest difference:"", ""1. Turn on offers. Most buyers at your price start with an offer, and you can set a minimum so lowballs never reach you."", ""2. Add a 60-second walkaround video. A phone video with no editing is perfect."", ""Add a short bio to your profile. Two lines on how long you've run it and why you're selling is plenty."", ""Reply to this email if you have any questions. A real person reads every reply.""], ""alert"": {""tone"": ""info"", ""title"": ""Know another owner who’s selling?"", ""body"": ""Refer them to Vendibook. You may earn $150 once they complete their first transaction within 90 days, after our team reviews it. Details at vendibook.com/referral.""}, ""footnote"": ""Brad · Customer Success, Vendibook"", ""ctaLabel"": ""Edit your listing"", ""ctaUrl"": ""https://vendibook.com/edit-listing/109f57be-b1c6-41bb-a2a1-bc8c3efa8e51?utm_source=email&utm_medium=concierge&utm_campaign=concierge-v3"", ""secondaryCtaLabel"": ""View your listing"", ""secondaryCtaUrl"": ""https://vendibook.com/listing/109f57be-b1c6-41bb-a2a1-bc8c3efa8e51?utm_source=email&utm_medium=concierge&utm_campaign=concierge-v3""}"
edb03d7a-8315-4d1a-b922-1da26626acc5,8775ded0-664c-4aee-99ba-99f6fc7124e0,V3,75,1,"Your 2026 BRAND NEW CUSTOM RETRO CONCESSION / BEVERAGE TRAILER – is live, and 2 changes to get more buyer messages","Hi {first_name},

Your 2026 BRAND NEW CUSTOM RETRO CONCESSION / BEVERAGE TRAILER – is live on Vendibook (https://vendibook.com/listing/8775ded0-664c-4aee-99ba-99f6fc7124e0?utm_source=email&utm_medium=concierge&utm_campaign=concierge-v3). I went through it, and these are the changes that will make the biggest difference:

1. Turn on offers. Most buyers at your price start with an offer, and you can set a minimum so lowballs never reach you.
2. Add a 60-second walkaround video. A phone video with no editing is perfect.

Also: add a photo and a short bio to your profile (https://vendibook.com/account?utm_source=email&utm_medium=concierge&utm_campaign=concierge-v3). Buyers check who they're dealing with before they message.

Edit your listing here: https://vendibook.com/edit-listing/8775ded0-664c-4aee-99ba-99f6fc7124e0?utm_source=email&utm_medium=concierge&utm_campaign=concierge-v3

Reply if you'd like me to take another look afterwards.

Know another owner who's selling a truck, trailer or kitchen? Refer them to Vendibook. You may earn $150 once they complete their first transaction within 90 days, after our team reviews it. Your link and the terms: https://vendibook.com/referral?utm_source=email&utm_medium=concierge&utm_campaign=referral

Brad
Customer Success, Vendibook",no,generic-notice,"{""subject"": ""Your 2026 BRAND NEW CUSTOM RETRO CONCESSION / BEVERAGE TRAILER – is live, and 2 changes to get more buyer messages"", ""preview"": ""Your 2026 BRAND NEW CUSTOM RETRO CONCESSION / BEVERAGE TRAILER – is live, and 2 changes to get more buyer messages"", ""kicker"": ""Listing tips from Vendibook"", ""heading"": ""A few changes to get more buyer messages"", ""greeting"": ""Hi {first_name},"", ""paragraphs"": [""Your 2026 BRAND NEW CUSTOM RETRO CONCESSION / BEVERAGE TRAILER – is live on Vendibook."", ""These changes will make the biggest difference:"", ""1. Turn on offers. Most buyers at your price start with an offer, and you can set a minimum so lowballs never reach you."", ""2. Add a 60-second walkaround video. A phone video with no editing is perfect."", ""Add a photo and a short bio to your profile. Buyers check who they're dealing with before they message."", ""Reply to this email if you have any questions. A real person reads every reply.""], ""alert"": {""tone"": ""info"", ""title"": ""Know another owner who’s selling?"", ""body"": ""Refer them to Vendibook. You may earn $150 once they complete their first transaction within 90 days, after our team reviews it. Details at vendibook.com/referral.""}, ""footnote"": ""Brad · Customer Success, Vendibook"", ""ctaLabel"": ""Edit your listing"", ""ctaUrl"": ""https://vendibook.com/edit-listing/8775ded0-664c-4aee-99ba-99f6fc7124e0?utm_source=email&utm_medium=concierge&utm_campaign=concierge-v3"", ""secondaryCtaLabel"": ""View your listing"", ""secondaryCtaUrl"": ""https://vendibook.com/listing/8775ded0-664c-4aee-99ba-99f6fc7124e0?utm_source=email&utm_medium=concierge&utm_campaign=concierge-v3""}"
ba7ac976-e978-40b7-af5f-93283209b692,47d0c86c-f990-42c9-b8f0-382e73d8cb72,V3,75,1,"Your Food Trailer for sale in Raeford  NC is live, and 2 changes to get more buyer messages","Hi {first_name},

Your Food Trailer for sale in Raeford  NC is live on Vendibook (https://vendibook.com/listing/47d0c86c-f990-42c9-b8f0-382e73d8cb72?utm_source=email&utm_medium=concierge&utm_campaign=concierge-v3). I went through it, and these are the changes that will make the biggest difference:

1. Turn on offers. Most buyers at your price start with an offer, and you can set a minimum so lowballs never reach you.
2. Add a 60-second walkaround video. A phone video with no editing is perfect.

Also: add a short bio to your profile (https://vendibook.com/account?utm_source=email&utm_medium=concierge&utm_campaign=concierge-v3). Two lines on how long you've run it and why you're selling is plenty.

Edit your listing here: https://vendibook.com/edit-listing/47d0c86c-f990-42c9-b8f0-382e73d8cb72?utm_source=email&utm_medium=concierge&utm_campaign=concierge-v3

Reply if you'd like me to take another look afterwards.

Know another owner who's selling a truck, trailer or kitchen? Refer them to Vendibook. You may earn $150 once they complete their first transaction within 90 days, after our team reviews it. Your link and the terms: https://vendibook.com/referral?utm_source=email&utm_medium=concierge&utm_campaign=referral

Brad
Customer Success, Vendibook",no,generic-notice,"{""subject"": ""Your Food Trailer for sale in Raeford  NC is live, and 2 changes to get more buyer messages"", ""preview"": ""Your Food Trailer for sale in Raeford  NC is live, and 2 changes to get more buyer messages"", ""kicker"": ""Listing tips from Vendibook"", ""heading"": ""A few changes to get more buyer messages"", ""greeting"": ""Hi {first_name},"", ""paragraphs"": [""Your Food Trailer for sale in Raeford  NC is live on Vendibook."", ""These changes will make the biggest difference:"", ""1. Turn on offers. Most buyers at your price start with an offer, and you can set a minimum so lowballs never reach you."", ""2. Add a 60-second walkaround video. A phone video with no editing is perfect."", ""Add a short bio to your profile. Two lines on how long you've run it and why you're selling is plenty."", ""Reply to this email if you have any questions. A real person reads every reply.""], ""alert"": {""tone"": ""info"", ""title"": ""Know another owner who’s selling?"", ""body"": ""Refer them to Vendibook. You may earn $150 once they complete their first transaction within 90 days, after our team reviews it. Details at vendibook.com/referral.""}, ""footnote"": ""Brad · Customer Success, Vendibook"", ""ctaLabel"": ""Edit your listing"", ""ctaUrl"": ""https://vendibook.com/edit-listing/47d0c86c-f990-42c9-b8f0-382e73d8cb72?utm_source=email&utm_medium=concierge&utm_campaign=concierge-v3"", ""secondaryCtaLabel"": ""View your listing"", ""secondaryCtaUrl"": ""https://vendibook.com/listing/47d0c86c-f990-42c9-b8f0-382e73d8cb72?utm_source=email&utm_medium=concierge&utm_campaign=concierge-v3""}"
7197d587-c2cb-4495-941e-ec320549cfd3,b40a07a3-f333-4f1d-9cf8-ae44963f6927,V3,75,1,"Your Turnkey dessert/coffee truck is live, and 2 changes to get more buyer messages","Hi {first_name},

Your Turnkey dessert/coffee truck is live on Vendibook (https://vendibook.com/listing/b40a07a3-f333-4f1d-9cf8-ae44963f6927?utm_source=email&utm_medium=concierge&utm_campaign=concierge-v3). I went through it, and these are the changes that will make the biggest difference:

1. Turn on offers. Most buyers at your price start with an offer, and you can set a minimum so lowballs never reach you.
2. Add a 60-second walkaround video. A phone video with no editing is perfect.

Also: add a short bio to your profile (https://vendibook.com/account?utm_source=email&utm_medium=concierge&utm_campaign=concierge-v3). Two lines on how long you've run it and why you're selling is plenty.

Edit your listing here: https://vendibook.com/edit-listing/b40a07a3-f333-4f1d-9cf8-ae44963f6927?utm_source=email&utm_medium=concierge&utm_campaign=concierge-v3

Reply if you'd like me to take another look afterwards.

Know another owner who's selling a truck, trailer or kitchen? Refer them to Vendibook. You may earn $150 once they complete their first transaction within 90 days, after our team reviews it. Your link and the terms: https://vendibook.com/referral?utm_source=email&utm_medium=concierge&utm_campaign=referral

Brad
Customer Success, Vendibook",no,generic-notice,"{""subject"": ""Your Turnkey dessert/coffee truck is live, and 2 changes to get more buyer messages"", ""preview"": ""Your Turnkey dessert/coffee truck is live, and 2 changes to get more buyer messages"", ""kicker"": ""Listing tips from Vendibook"", ""heading"": ""A few changes to get more buyer messages"", ""greeting"": ""Hi {first_name},"", ""paragraphs"": [""Your Turnkey dessert/coffee truck is live on Vendibook."", ""These changes will make the biggest difference:"", ""1. Turn on offers. Most buyers at your price start with an offer, and you can set a minimum so lowballs never reach you."", ""2. Add a 60-second walkaround video. A phone video with no editing is perfect."", ""Add a short bio to your profile. Two lines on how long you've run it and why you're selling is plenty."", ""Reply to this email if you have any questions. A real person reads every reply.""], ""alert"": {""tone"": ""info"", ""title"": ""Know another owner who’s selling?"", ""body"": ""Refer them to Vendibook. You may earn $150 once they complete their first transaction within 90 days, after our team reviews it. Details at vendibook.com/referral.""}, ""footnote"": ""Brad · Customer Success, Vendibook"", ""ctaLabel"": ""Edit your listing"", ""ctaUrl"": ""https://vendibook.com/edit-listing/b40a07a3-f333-4f1d-9cf8-ae44963f6927?utm_source=email&utm_medium=concierge&utm_campaign=concierge-v3"", ""secondaryCtaLabel"": ""View your listing"", ""secondaryCtaUrl"": ""https://vendibook.com/listing/b40a07a3-f333-4f1d-9cf8-ae44963f6927?utm_source=email&utm_medium=concierge&utm_campaign=concierge-v3""}"
dadee20b-7da1-4b3b-b1a1-0405e8448039,ce6ce158-6307-4a6f-9c6f-46f1f720be2b,V3,75,1,"Your Brand New Coffee Food Trailer is live, and 2 changes to get more buyer messages","Hi {first_name},

Your Brand New Coffee Food Trailer is live on Vendibook (https://vendibook.com/listing/ce6ce158-6307-4a6f-9c6f-46f1f720be2b?utm_source=email&utm_medium=concierge&utm_campaign=concierge-v3). I went through it, and these are the changes that will make the biggest difference:

1. Turn on offers. Most buyers at your price start with an offer, and you can set a minimum so lowballs never reach you.
2. Add a 60-second walkaround video. A phone video with no editing is perfect.

Also: add a photo and a short bio to your profile (https://vendibook.com/account?utm_source=email&utm_medium=concierge&utm_campaign=concierge-v3). Buyers check who they're dealing with before they message.

Edit your listing here: https://vendibook.com/edit-listing/ce6ce158-6307-4a6f-9c6f-46f1f720be2b?utm_source=email&utm_medium=concierge&utm_campaign=concierge-v3

Reply if you'd like me to take another look afterwards.

Know another owner who's selling a truck, trailer or kitchen? Refer them to Vendibook. You may earn $150 once they complete their first transaction within 90 days, after our team reviews it. Your link and the terms: https://vendibook.com/referral?utm_source=email&utm_medium=concierge&utm_campaign=referral

Brad
Customer Success, Vendibook",no,generic-notice,"{""subject"": ""Your Brand New Coffee Food Trailer is live, and 2 changes to get more buyer messages"", ""preview"": ""Your Brand New Coffee Food Trailer is live, and 2 changes to get more buyer messages"", ""kicker"": ""Listing tips from Vendibook"", ""heading"": ""A few changes to get more buyer messages"", ""greeting"": ""Hi {first_name},"", ""paragraphs"": [""Your Brand New Coffee Food Trailer is live on Vendibook."", ""These changes will make the biggest difference:"", ""1. Turn on offers. Most buyers at your price start with an offer, and you can set a minimum so lowballs never reach you."", ""2. Add a 60-second walkaround video. A phone video with no editing is perfect."", ""Add a photo and a short bio to your profile. Buyers check who they're dealing with before they message."", ""Reply to this email if you have any questions. A real person reads every reply.""], ""alert"": {""tone"": ""info"", ""title"": ""Know another owner who’s selling?"", ""body"": ""Refer them to Vendibook. You may earn $150 once they complete their first transaction within 90 days, after our team reviews it. Details at vendibook.com/referral.""}, ""footnote"": ""Brad · Customer Success, Vendibook"", ""ctaLabel"": ""Edit your listing"", ""ctaUrl"": ""https://vendibook.com/edit-listing/ce6ce158-6307-4a6f-9c6f-46f1f720be2b?utm_source=email&utm_medium=concierge&utm_campaign=concierge-v3"", ""secondaryCtaLabel"": ""View your listing"", ""secondaryCtaUrl"": ""https://vendibook.com/listing/ce6ce158-6307-4a6f-9c6f-46f1f720be2b?utm_source=email&utm_medium=concierge&utm_campaign=concierge-v3""}"
bf7b07d2-a9bb-475c-bb98-4215aa36711d,e6efa74a-cdda-4195-9546-b440016346cc,V3,75,1,"Your Turnkey food truck for sale in Sarasota. Set for pizza or ot is live, and 2 changes to get more buyer messages","Hi {first_name},

Your Turnkey food truck for sale in Sarasota. Set for pizza or ot is live on Vendibook (https://vendibook.com/listing/e6efa74a-cdda-4195-9546-b440016346cc?utm_source=email&utm_medium=concierge&utm_campaign=concierge-v3). I went through it, and these are the changes that will make the biggest difference:

1. Turn on offers. Most buyers at your price start with an offer, and you can set a minimum so lowballs never reach you.
2. Add a 60-second walkaround video. A phone video with no editing is perfect.

Also: add a short bio to your profile (https://vendibook.com/account?utm_source=email&utm_medium=concierge&utm_campaign=concierge-v3). Two lines on how long you've run it and why you're selling is plenty.

Edit your listing here: https://vendibook.com/edit-listing/e6efa74a-cdda-4195-9546-b440016346cc?utm_source=email&utm_medium=concierge&utm_campaign=concierge-v3

Reply if you'd like me to take another look afterwards.

Know another owner who's selling a truck, trailer or kitchen? Refer them to Vendibook. You may earn $150 once they complete their first transaction within 90 days, after our team reviews it. Your link and the terms: https://vendibook.com/referral?utm_source=email&utm_medium=concierge&utm_campaign=referral

Brad
Customer Success, Vendibook",no,generic-notice,"{""subject"": ""Your Turnkey food truck for sale in Sarasota. Set for pizza or ot is live, and 2 changes to get more buyer messages"", ""preview"": ""Your Turnkey food truck for sale in Sarasota. Set for pizza or ot is live, and 2 changes to get more buyer messages"", ""kicker"": ""Listing tips from Vendibook"", ""heading"": ""A few changes to get more buyer messages"", ""greeting"": ""Hi {first_name},"", ""paragraphs"": [""Your Turnkey food truck for sale in Sarasota. Set for pizza or ot is live on Vendibook."", ""These changes will make the biggest difference:"", ""1. Turn on offers. Most buyers at your price start with an offer, and you can set a minimum so lowballs never reach you."", ""2. Add a 60-second walkaround video. A phone video with no editing is perfect."", ""Add a short bio to your profile. Two lines on how long you've run it and why you're selling is plenty."", ""Reply to this email if you have any questions. A real person reads every reply.""], ""alert"": {""tone"": ""info"", ""title"": ""Know another owner who’s selling?"", ""body"": ""Refer them to Vendibook. You may earn $150 once they complete their first transaction within 90 days, after our team reviews it. Details at vendibook.com/referral.""}, ""footnote"": ""Brad · Customer Success, Vendibook"", ""ctaLabel"": ""Edit your listing"", ""ctaUrl"": ""https://vendibook.com/edit-listing/e6efa74a-cdda-4195-9546-b440016346cc?utm_source=email&utm_medium=concierge&utm_campaign=concierge-v3"", ""secondaryCtaLabel"": ""View your listing"", ""secondaryCtaUrl"": ""https://vendibook.com/listing/e6efa74a-cdda-4195-9546-b440016346cc?utm_source=email&utm_medium=concierge&utm_campaign=concierge-v3""}"
4ecfa198-7a70-4ccc-82dd-98a2862fa7bc,d30799f2-e512-4389-9a38-871ad854d91a,V3,75,1,"Your Fully equipped and inspected pizza trailer is live, and 3 changes to get more buyer messages","Hi {first_name},

Your Fully equipped and inspected pizza trailer is live on Vendibook (https://vendibook.com/listing/d30799f2-e512-4389-9a38-871ad854d91a?utm_source=email&utm_medium=concierge&utm_campaign=concierge-v3). I went through it, and these are the changes that will make the biggest difference:

1. Turn on offers. Most buyers at your price start with an offer, and you can set a minimum so lowballs never reach you.
2. Add a 60-second walkaround video. A phone video with no editing is perfect.
3. Show buyers why it's worth the price: add the build year and an equipment list with brands.

Also: add a short bio to your profile (https://vendibook.com/account?utm_source=email&utm_medium=concierge&utm_campaign=concierge-v3). Two lines on how long you've run it and why you're selling is plenty.

Edit your listing here: https://vendibook.com/edit-listing/d30799f2-e512-4389-9a38-871ad854d91a?utm_source=email&utm_medium=concierge&utm_campaign=concierge-v3

Reply if you'd like me to take another look afterwards.

Know another owner who's selling a truck, trailer or kitchen? Refer them to Vendibook. You may earn $150 once they complete their first transaction within 90 days, after our team reviews it. Your link and the terms: https://vendibook.com/referral?utm_source=email&utm_medium=concierge&utm_campaign=referral

Brad
Customer Success, Vendibook",no,generic-notice,"{""subject"": ""Your Fully equipped and inspected pizza trailer is live, and 3 changes to get more buyer messages"", ""preview"": ""Your Fully equipped and inspected pizza trailer is live, and 3 changes to get more buyer messages"", ""kicker"": ""Listing tips from Vendibook"", ""heading"": ""A few changes to get more buyer messages"", ""greeting"": ""Hi {first_name},"", ""paragraphs"": [""Your Fully equipped and inspected pizza trailer is live on Vendibook."", ""These changes will make the biggest difference:"", ""1. Turn on offers. Most buyers at your price start with an offer, and you can set a minimum so lowballs never reach you."", ""2. Add a 60-second walkaround video. A phone video with no editing is perfect."", ""3. Show buyers why it's worth the price: add the build year and an equipment list with brands."", ""Add a short bio to your profile. Two lines on how long you've run it and why you're selling is plenty."", ""Reply to this email if you have any questions. A real person reads every reply.""], ""alert"": {""tone"": ""info"", ""title"": ""Know another owner who’s selling?"", ""body"": ""Refer them to Vendibook. You may earn $150 once they complete their first transaction within 90 days, after our team reviews it. Details at vendibook.com/referral.""}, ""footnote"": ""Brad · Customer Success, Vendibook"", ""ctaLabel"": ""Edit your listing"", ""ctaUrl"": ""https://vendibook.com/edit-listing/d30799f2-e512-4389-9a38-871ad854d91a?utm_source=email&utm_medium=concierge&utm_campaign=concierge-v3"", ""secondaryCtaLabel"": ""View your listing"", ""secondaryCtaUrl"": ""https://vendibook.com/listing/d30799f2-e512-4389-9a38-871ad854d91a?utm_source=email&utm_medium=concierge&utm_campaign=concierge-v3""}"
84dd54dc-eba1-4696-88c4-e05713820ca1,22701ef2-b32e-49fd-a38a-513ee38b605b,V3,75,1,"Your Fully equipped 2026 Trailer is live, and 3 changes to get more buyer messages","Hi {first_name},

Your Fully equipped 2026 Trailer is live on Vendibook (https://vendibook.com/listing/22701ef2-b32e-49fd-a38a-513ee38b605b?utm_source=email&utm_medium=concierge&utm_campaign=concierge-v3). I went through it, and these are the changes that will make the biggest difference:

1. Turn on offers. Most buyers at your price start with an offer, and you can set a minimum so lowballs never reach you.
2. Get to 8+ photos: both sides and the back, the serving window, the full kitchen line, the hood and fire-suppression tag, the generator, and the data plate. Use your best exterior shot as the cover.
3. Show buyers why it's worth the price: add the build year and an equipment list with brands.

Also: add a short bio to your profile (https://vendibook.com/account?utm_source=email&utm_medium=concierge&utm_campaign=concierge-v3). Two lines on how long you've run it and why you're selling is plenty.

Edit your listing here: https://vendibook.com/edit-listing/22701ef2-b32e-49fd-a38a-513ee38b605b?utm_source=email&utm_medium=concierge&utm_campaign=concierge-v3

Reply if you'd like me to take another look afterwards.

Know another owner who's selling a truck, trailer or kitchen? Refer them to Vendibook. You may earn $150 once they complete their first transaction within 90 days, after our team reviews it. Your link and the terms: https://vendibook.com/referral?utm_source=email&utm_medium=concierge&utm_campaign=referral

Brad
Customer Success, Vendibook",no,generic-notice,"{""subject"": ""Your Fully equipped 2026 Trailer is live, and 3 changes to get more buyer messages"", ""preview"": ""Your Fully equipped 2026 Trailer is live, and 3 changes to get more buyer messages"", ""kicker"": ""Listing tips from Vendibook"", ""heading"": ""A few changes to get more buyer messages"", ""greeting"": ""Hi {first_name},"", ""paragraphs"": [""Your Fully equipped 2026 Trailer is live on Vendibook."", ""These changes will make the biggest difference:"", ""1. Turn on offers. Most buyers at your price start with an offer, and you can set a minimum so lowballs never reach you."", ""2. Get to 8+ photos: both sides and the back, the serving window, the full kitchen line, the hood and fire-suppression tag, the generator, and the data plate. Use your best exterior shot as the cover."", ""3. Show buyers why it's worth the price: add the build year and an equipment list with brands."", ""Add a short bio to your profile. Two lines on how long you've run it and why you're selling is plenty."", ""Reply to this email if you have any questions. A real person reads every reply.""], ""alert"": {""tone"": ""info"", ""title"": ""Know another owner who’s selling?"", ""body"": ""Refer them to Vendibook. You may earn $150 once they complete their first transaction within 90 days, after our team reviews it. Details at vendibook.com/referral.""}, ""footnote"": ""Brad · Customer Success, Vendibook"", ""ctaLabel"": ""Edit your listing"", ""ctaUrl"": ""https://vendibook.com/edit-listing/22701ef2-b32e-49fd-a38a-513ee38b605b?utm_source=email&utm_medium=concierge&utm_campaign=concierge-v3"", ""secondaryCtaLabel"": ""View your listing"", ""secondaryCtaUrl"": ""https://vendibook.com/listing/22701ef2-b32e-49fd-a38a-513ee38b605b?utm_source=email&utm_medium=concierge&utm_campaign=concierge-v3""}"
c3c37490-0237-4054-b82a-59c5ee287a5d,1683c9f9-246e-40de-a1dd-987748bd1673,V3,75,1,"Your Food Trailer for sale in Columbia Falls  MT is live, and 2 changes to get more buyer messages","Hi {first_name},

Your Food Trailer for sale in Columbia Falls  MT is live on Vendibook (https://vendibook.com/listing/1683c9f9-246e-40de-a1dd-987748bd1673?utm_source=email&utm_medium=concierge&utm_campaign=concierge-v3). I went through it, and these are the changes that will make the biggest difference:

1. Turn on offers. Most buyers at your price start with an offer, and you can set a minimum so lowballs never reach you.
2. Add a 60-second walkaround video. A phone video with no editing is perfect.

Also: add a short bio to your profile (https://vendibook.com/account?utm_source=email&utm_medium=concierge&utm_campaign=concierge-v3). Two lines on how long you've run it and why you're selling is plenty.

Edit your listing here: https://vendibook.com/edit-listing/1683c9f9-246e-40de-a1dd-987748bd1673?utm_source=email&utm_medium=concierge&utm_campaign=concierge-v3

Reply if you'd like me to take another look afterwards.

Know another owner who's selling a truck, trailer or kitchen? Refer them to Vendibook. You may earn $150 once they complete their first transaction within 90 days, after our team reviews it. Your link and the terms: https://vendibook.com/referral?utm_source=email&utm_medium=concierge&utm_campaign=referral

Brad
Customer Success, Vendibook",no,generic-notice,"{""subject"": ""Your Food Trailer for sale in Columbia Falls  MT is live, and 2 changes to get more buyer messages"", ""preview"": ""Your Food Trailer for sale in Columbia Falls  MT is live, and 2 changes to get more buyer messages"", ""kicker"": ""Listing tips from Vendibook"", ""heading"": ""A few changes to get more buyer messages"", ""greeting"": ""Hi {first_name},"", ""paragraphs"": [""Your Food Trailer for sale in Columbia Falls  MT is live on Vendibook."", ""These changes will make the biggest difference:"", ""1. Turn on offers. Most buyers at your price start with an offer, and you can set a minimum so lowballs never reach you."", ""2. Add a 60-second walkaround video. A phone video with no editing is perfect."", ""Add a short bio to your profile. Two lines on how long you've run it and why you're selling is plenty."", ""Reply to this email if you have any questions. A real person reads every reply.""], ""alert"": {""tone"": ""info"", ""title"": ""Know another owner who’s selling?"", ""body"": ""Refer them to Vendibook. You may earn $150 once they complete their first transaction within 90 days, after our team reviews it. Details at vendibook.com/referral.""}, ""footnote"": ""Brad · Customer Success, Vendibook"", ""ctaLabel"": ""Edit your listing"", ""ctaUrl"": ""https://vendibook.com/edit-listing/1683c9f9-246e-40de-a1dd-987748bd1673?utm_source=email&utm_medium=concierge&utm_campaign=concierge-v3"", ""secondaryCtaLabel"": ""View your listing"", ""secondaryCtaUrl"": ""https://vendibook.com/listing/1683c9f9-246e-40de-a1dd-987748bd1673?utm_source=email&utm_medium=concierge&utm_campaign=concierge-v3""}"
41ca9d55-fd61-4f35-bf1f-f06b7cc29883,38bea00a-bf1b-42fa-a235-25332aa654ca,V3,75,1,"Your Austin Vegan Food Truck and Trailer is live, and 3 changes to get more buyer messages","Hi {first_name},

Your Austin Vegan Food Truck and Trailer is live on Vendibook (https://vendibook.com/listing/38bea00a-bf1b-42fa-a235-25332aa654ca?utm_source=email&utm_medium=concierge&utm_campaign=concierge-v3). I went through it, and these are the changes that will make the biggest difference:

1. Turn on offers. Most buyers at your price start with an offer, and you can set a minimum so lowballs never reach you.
2. Add a 60-second walkaround video. A phone video with no editing is perfect.
3. Show buyers why it's worth the price: add the build year and an equipment list with brands.

Also: add a photo and a short bio to your profile (https://vendibook.com/account?utm_source=email&utm_medium=concierge&utm_campaign=concierge-v3). Buyers check who they're dealing with before they message.

Edit your listing here: https://vendibook.com/edit-listing/38bea00a-bf1b-42fa-a235-25332aa654ca?utm_source=email&utm_medium=concierge&utm_campaign=concierge-v3

Reply if you'd like me to take another look afterwards.

Know another owner who's selling a truck, trailer or kitchen? Refer them to Vendibook. You may earn $150 once they complete their first transaction within 90 days, after our team reviews it. Your link and the terms: https://vendibook.com/referral?utm_source=email&utm_medium=concierge&utm_campaign=referral

Brad
Customer Success, Vendibook",no,generic-notice,"{""subject"": ""Your Austin Vegan Food Truck and Trailer is live, and 3 changes to get more buyer messages"", ""preview"": ""Your Austin Vegan Food Truck and Trailer is live, and 3 changes to get more buyer messages"", ""kicker"": ""Listing tips from Vendibook"", ""heading"": ""A few changes to get more buyer messages"", ""greeting"": ""Hi {first_name},"", ""paragraphs"": [""Your Austin Vegan Food Truck and Trailer is live on Vendibook."", ""These changes will make the biggest difference:"", ""1. Turn on offers. Most buyers at your price start with an offer, and you can set a minimum so lowballs never reach you."", ""2. Add a 60-second walkaround video. A phone video with no editing is perfect."", ""3. Show buyers why it's worth the price: add the build year and an equipment list with brands."", ""Add a photo and a short bio to your profile. Buyers check who they're dealing with before they message."", ""Reply to this email if you have any questions. A real person reads every reply.""], ""alert"": {""tone"": ""info"", ""title"": ""Know another owner who’s selling?"", ""body"": ""Refer them to Vendibook. You may earn $150 once they complete their first transaction within 90 days, after our team reviews it. Details at vendibook.com/referral.""}, ""footnote"": ""Brad · Customer Success, Vendibook"", ""ctaLabel"": ""Edit your listing"", ""ctaUrl"": ""https://vendibook.com/edit-listing/38bea00a-bf1b-42fa-a235-25332aa654ca?utm_source=email&utm_medium=concierge&utm_campaign=concierge-v3"", ""secondaryCtaLabel"": ""View your listing"", ""secondaryCtaUrl"": ""https://vendibook.com/listing/38bea00a-bf1b-42fa-a235-25332aa654ca?utm_source=email&utm_medium=concierge&utm_campaign=concierge-v3""}"
d2293bf9-97dd-41b2-83f3-97b2074801a3,7a2b7632-aa4e-4ed9-b0d6-1a1bcaea8cb0,V3,75,1,"Your I'm selling a dream on wheels! is live, and 2 changes to get more buyer messages","Hi {first_name},

Your I'm selling a dream on wheels! is live on Vendibook (https://vendibook.com/listing/7a2b7632-aa4e-4ed9-b0d6-1a1bcaea8cb0?utm_source=email&utm_medium=concierge&utm_campaign=concierge-v3). I went through it, and these are the changes that will make the biggest difference:

1. Turn on offers. Most buyers at your price start with an offer, and you can set a minimum so lowballs never reach you.
2. Add a 60-second walkaround video. A phone video with no editing is perfect.

Also: add a photo and a short bio to your profile (https://vendibook.com/account?utm_source=email&utm_medium=concierge&utm_campaign=concierge-v3). Buyers check who they're dealing with before they message.

Edit your listing here: https://vendibook.com/edit-listing/7a2b7632-aa4e-4ed9-b0d6-1a1bcaea8cb0?utm_source=email&utm_medium=concierge&utm_campaign=concierge-v3

Reply if you'd like me to take another look afterwards.

Know another owner who's selling a truck, trailer or kitchen? Refer them to Vendibook. You may earn $150 once they complete their first transaction within 90 days, after our team reviews it. Your link and the terms: https://vendibook.com/referral?utm_source=email&utm_medium=concierge&utm_campaign=referral

Brad
Customer Success, Vendibook",no,generic-notice,"{""subject"": ""Your I'm selling a dream on wheels! is live, and 2 changes to get more buyer messages"", ""preview"": ""Your I'm selling a dream on wheels! is live, and 2 changes to get more buyer messages"", ""kicker"": ""Listing tips from Vendibook"", ""heading"": ""A few changes to get more buyer messages"", ""greeting"": ""Hi {first_name},"", ""paragraphs"": [""Your I'm selling a dream on wheels! is live on Vendibook."", ""These changes will make the biggest difference:"", ""1. Turn on offers. Most buyers at your price start with an offer, and you can set a minimum so lowballs never reach you."", ""2. Add a 60-second walkaround video. A phone video with no editing is perfect."", ""Add a photo and a short bio to your profile. Buyers check who they're dealing with before they message."", ""Reply to this email if you have any questions. A real person reads every reply.""], ""alert"": {""tone"": ""info"", ""title"": ""Know another owner who’s selling?"", ""body"": ""Refer them to Vendibook. You may earn $150 once they complete their first transaction within 90 days, after our team reviews it. Details at vendibook.com/referral.""}, ""footnote"": ""Brad · Customer Success, Vendibook"", ""ctaLabel"": ""Edit your listing"", ""ctaUrl"": ""https://vendibook.com/edit-listing/7a2b7632-aa4e-4ed9-b0d6-1a1bcaea8cb0?utm_source=email&utm_medium=concierge&utm_campaign=concierge-v3"", ""secondaryCtaLabel"": ""View your listing"", ""secondaryCtaUrl"": ""https://vendibook.com/listing/7a2b7632-aa4e-4ed9-b0d6-1a1bcaea8cb0?utm_source=email&utm_medium=concierge&utm_campaign=concierge-v3""}"
46a81757-fa8f-4727-98b1-69fc1d3e242c,c001129e-dfb8-42e2-bb4f-cf83dc0a2027,V3,75,1,"Your 2000 Freightliner MT45 Food Truck - Brand New Equipment is live, and 2 changes to get more buyer messages","Hi {first_name},

Your 2000 Freightliner MT45 Food Truck - Brand New Equipment is live on Vendibook (https://vendibook.com/listing/c001129e-dfb8-42e2-bb4f-cf83dc0a2027?utm_source=email&utm_medium=concierge&utm_campaign=concierge-v3). I went through it, and these are the changes that will make the biggest difference:

1. Turn on offers. Most buyers at your price start with an offer, and you can set a minimum so lowballs never reach you.
2. Add a 60-second walkaround video. A phone video with no editing is perfect.

Also: add a photo and a short bio to your profile (https://vendibook.com/account?utm_source=email&utm_medium=concierge&utm_campaign=concierge-v3). Buyers check who they're dealing with before they message.

Edit your listing here: https://vendibook.com/edit-listing/c001129e-dfb8-42e2-bb4f-cf83dc0a2027?utm_source=email&utm_medium=concierge&utm_campaign=concierge-v3

Reply if you'd like me to take another look afterwards.

Know another owner who's selling a truck, trailer or kitchen? Refer them to Vendibook. You may earn $150 once they complete their first transaction within 90 days, after our team reviews it. Your link and the terms: https://vendibook.com/referral?utm_source=email&utm_medium=concierge&utm_campaign=referral

Brad
Customer Success, Vendibook",no,generic-notice,"{""subject"": ""Your 2000 Freightliner MT45 Food Truck - Brand New Equipment is live, and 2 changes to get more buyer messages"", ""preview"": ""Your 2000 Freightliner MT45 Food Truck - Brand New Equipment is live, and 2 changes to get more buyer messages"", ""kicker"": ""Listing tips from Vendibook"", ""heading"": ""A few changes to get more buyer messages"", ""greeting"": ""Hi {first_name},"", ""paragraphs"": [""Your 2000 Freightliner MT45 Food Truck - Brand New Equipment is live on Vendibook."", ""These changes will make the biggest difference:"", ""1. Turn on offers. Most buyers at your price start with an offer, and you can set a minimum so lowballs never reach you."", ""2. Add a 60-second walkaround video. A phone video with no editing is perfect."", ""Add a photo and a short bio to your profile. Buyers check who they're dealing with before they message."", ""Reply to this email if you have any questions. A real person reads every reply.""], ""alert"": {""tone"": ""info"", ""title"": ""Know another owner who’s selling?"", ""body"": ""Refer them to Vendibook. You may earn $150 once they complete their first transaction within 90 days, after our team reviews it. Details at vendibook.com/referral.""}, ""footnote"": ""Brad · Customer Success, Vendibook"", ""ctaLabel"": ""Edit your listing"", ""ctaUrl"": ""https://vendibook.com/edit-listing/c001129e-dfb8-42e2-bb4f-cf83dc0a2027?utm_source=email&utm_medium=concierge&utm_campaign=concierge-v3"", ""secondaryCtaLabel"": ""View your listing"", ""secondaryCtaUrl"": ""https://vendibook.com/listing/c001129e-dfb8-42e2-bb4f-cf83dc0a2027?utm_source=email&utm_medium=concierge&utm_campaign=concierge-v3""}"
fcde9ede-aa96-411b-a97c-4844ffb9cc05,1d8c9104-4554-4e50-ba50-dc3c0008af6d,V3,75,1,"Your 2021 8.6' x 20' Bakery Food Concession Trailer Mobile Vendin is live, and 3 changes to get more buyer messages","Hi {first_name},

Your 2021 8.6' x 20' Bakery Food Concession Trailer Mobile Vendin is live on Vendibook (https://vendibook.com/listing/1d8c9104-4554-4e50-ba50-dc3c0008af6d?utm_source=email&utm_medium=concierge&utm_campaign=concierge-v3). I went through it, and these are the changes that will make the biggest difference:

1. Turn on offers. Most buyers at your price start with an offer, and you can set a minimum so lowballs never reach you.
2. Add a 60-second walkaround video. A phone video with no editing is perfect.
3. Show buyers why it's worth the price: add the build year and an equipment list with brands.

Also: add a photo and a short bio to your profile (https://vendibook.com/account?utm_source=email&utm_medium=concierge&utm_campaign=concierge-v3). Buyers check who they're dealing with before they message.

Edit your listing here: https://vendibook.com/edit-listing/1d8c9104-4554-4e50-ba50-dc3c0008af6d?utm_source=email&utm_medium=concierge&utm_campaign=concierge-v3

Reply if you'd like me to take another look afterwards.

Know another owner who's selling a truck, trailer or kitchen? Refer them to Vendibook. You may earn $150 once they complete their first transaction within 90 days, after our team reviews it. Your link and the terms: https://vendibook.com/referral?utm_source=email&utm_medium=concierge&utm_campaign=referral

Brad
Customer Success, Vendibook",no,generic-notice,"{""subject"": ""Your 2021 8.6' x 20' Bakery Food Concession Trailer Mobile Vendin is live, and 3 changes to get more buyer messages"", ""preview"": ""Your 2021 8.6' x 20' Bakery Food Concession Trailer Mobile Vendin is live, and 3 changes to get more buyer messages"", ""kicker"": ""Listing tips from Vendibook"", ""heading"": ""A few changes to get more buyer messages"", ""greeting"": ""Hi {first_name},"", ""paragraphs"": [""Your 2021 8.6' x 20' Bakery Food Concession Trailer Mobile Vendin is live on Vendibook."", ""These changes will make the biggest difference:"", ""1. Turn on offers. Most buyers at your price start with an offer, and you can set a minimum so lowballs never reach you."", ""2. Add a 60-second walkaround video. A phone video with no editing is perfect."", ""3. Show buyers why it's worth the price: add the build year and an equipment list with brands."", ""Add a photo and a short bio to your profile. Buyers check who they're dealing with before they message."", ""Reply to this email if you have any questions. A real person reads every reply.""], ""alert"": {""tone"": ""info"", ""title"": ""Know another owner who’s selling?"", ""body"": ""Refer them to Vendibook. You may earn $150 once they complete their first transaction within 90 days, after our team reviews it. Details at vendibook.com/referral.""}, ""footnote"": ""Brad · Customer Success, Vendibook"", ""ctaLabel"": ""Edit your listing"", ""ctaUrl"": ""https://vendibook.com/edit-listing/1d8c9104-4554-4e50-ba50-dc3c0008af6d?utm_source=email&utm_medium=concierge&utm_campaign=concierge-v3"", ""secondaryCtaLabel"": ""View your listing"", ""secondaryCtaUrl"": ""https://vendibook.com/listing/1d8c9104-4554-4e50-ba50-dc3c0008af6d?utm_source=email&utm_medium=concierge&utm_campaign=concierge-v3""}"
ca8a4ab4-2cb2-49d8-ae98-2f335c772653,812d82b1-f4ba-48fb-b82f-3fa4c74ced37,V3,75,1,"Your Foodtruck OBO is live, and 2 changes to get more buyer messages","Hi {first_name},

Your Foodtruck OBO is live on Vendibook (https://vendibook.com/listing/812d82b1-f4ba-48fb-b82f-3fa4c74ced37?utm_source=email&utm_medium=concierge&utm_campaign=concierge-v3). I went through it, and these are the changes that will make the biggest difference:

1. Turn on offers. Most buyers at your price start with an offer, and you can set a minimum so lowballs never reach you.
2. Add a 60-second walkaround video. A phone video with no editing is perfect.

Also: add a photo and a short bio to your profile (https://vendibook.com/account?utm_source=email&utm_medium=concierge&utm_campaign=concierge-v3). Buyers check who they're dealing with before they message.

Edit your listing here: https://vendibook.com/edit-listing/812d82b1-f4ba-48fb-b82f-3fa4c74ced37?utm_source=email&utm_medium=concierge&utm_campaign=concierge-v3

Reply if you'd like me to take another look afterwards.

Know another owner who's selling a truck, trailer or kitchen? Refer them to Vendibook. You may earn $150 once they complete their first transaction within 90 days, after our team reviews it. Your link and the terms: https://vendibook.com/referral?utm_source=email&utm_medium=concierge&utm_campaign=referral

Brad
Customer Success, Vendibook",no,generic-notice,"{""subject"": ""Your Foodtruck OBO is live, and 2 changes to get more buyer messages"", ""preview"": ""Your Foodtruck OBO is live, and 2 changes to get more buyer messages"", ""kicker"": ""Listing tips from Vendibook"", ""heading"": ""A few changes to get more buyer messages"", ""greeting"": ""Hi {first_name},"", ""paragraphs"": [""Your Foodtruck OBO is live on Vendibook."", ""These changes will make the biggest difference:"", ""1. Turn on offers. Most buyers at your price start with an offer, and you can set a minimum so lowballs never reach you."", ""2. Add a 60-second walkaround video. A phone video with no editing is perfect."", ""Add a photo and a short bio to your profile. Buyers check who they're dealing with before they message."", ""Reply to this email if you have any questions. A real person reads every reply.""], ""alert"": {""tone"": ""info"", ""title"": ""Know another owner who’s selling?"", ""body"": ""Refer them to Vendibook. You may earn $150 once they complete their first transaction within 90 days, after our team reviews it. Details at vendibook.com/referral.""}, ""footnote"": ""Brad · Customer Success, Vendibook"", ""ctaLabel"": ""Edit your listing"", ""ctaUrl"": ""https://vendibook.com/edit-listing/812d82b1-f4ba-48fb-b82f-3fa4c74ced37?utm_source=email&utm_medium=concierge&utm_campaign=concierge-v3"", ""secondaryCtaLabel"": ""View your listing"", ""secondaryCtaUrl"": ""https://vendibook.com/listing/812d82b1-f4ba-48fb-b82f-3fa4c74ced37?utm_source=email&utm_medium=concierge&utm_campaign=concierge-v3""}"
273fe043-333c-4359-9ed4-dfbdde4e6f6e,31711bb6-93ed-4ad0-9218-20959c84236c,V3,75,1,"Your 2025 mobile coffee trailer with Coffee/Espresso machine (and is live, and 2 changes to get more buyer messages","Hi {first_name},

Your 2025 mobile coffee trailer with Coffee/Espresso machine (and is live on Vendibook (https://vendibook.com/listing/31711bb6-93ed-4ad0-9218-20959c84236c?utm_source=email&utm_medium=concierge&utm_campaign=concierge-v3). I went through it, and these are the changes that will make the biggest difference:

1. Turn on offers. Most buyers at your price start with an offer, and you can set a minimum so lowballs never reach you.
2. Add a 60-second walkaround video. A phone video with no editing is perfect.

Also: add a short bio to your profile (https://vendibook.com/account?utm_source=email&utm_medium=concierge&utm_campaign=concierge-v3). Two lines on how long you've run it and why you're selling is plenty.

Edit your listing here: https://vendibook.com/edit-listing/31711bb6-93ed-4ad0-9218-20959c84236c?utm_source=email&utm_medium=concierge&utm_campaign=concierge-v3

Reply if you'd like me to take another look afterwards.

Know another owner who's selling a truck, trailer or kitchen? Refer them to Vendibook. You may earn $150 once they complete their first transaction within 90 days, after our team reviews it. Your link and the terms: https://vendibook.com/referral?utm_source=email&utm_medium=concierge&utm_campaign=referral

Brad
Customer Success, Vendibook",no,generic-notice,"{""subject"": ""Your 2025 mobile coffee trailer with Coffee/Espresso machine (and is live, and 2 changes to get more buyer messages"", ""preview"": ""Your 2025 mobile coffee trailer with Coffee/Espresso machine (and is live, and 2 changes to get more buyer messages"", ""kicker"": ""Listing tips from Vendibook"", ""heading"": ""A few changes to get more buyer messages"", ""greeting"": ""Hi {first_name},"", ""paragraphs"": [""Your 2025 mobile coffee trailer with Coffee/Espresso machine (and is live on Vendibook."", ""These changes will make the biggest difference:"", ""1. Turn on offers. Most buyers at your price start with an offer, and you can set a minimum so lowballs never reach you."", ""2. Add a 60-second walkaround video. A phone video with no editing is perfect."", ""Add a short bio to your profile. Two lines on how long you've run it and why you're selling is plenty."", ""Reply to this email if you have any questions. A real person reads every reply.""], ""alert"": {""tone"": ""info"", ""title"": ""Know another owner who’s selling?"", ""body"": ""Refer them to Vendibook. You may earn $150 once they complete their first transaction within 90 days, after our team reviews it. Details at vendibook.com/referral.""}, ""footnote"": ""Brad · Customer Success, Vendibook"", ""ctaLabel"": ""Edit your listing"", ""ctaUrl"": ""https://vendibook.com/edit-listing/31711bb6-93ed-4ad0-9218-20959c84236c?utm_source=email&utm_medium=concierge&utm_campaign=concierge-v3"", ""secondaryCtaLabel"": ""View your listing"", ""secondaryCtaUrl"": ""https://vendibook.com/listing/31711bb6-93ed-4ad0-9218-20959c84236c?utm_source=email&utm_medium=concierge&utm_campaign=concierge-v3""}"
8a32f399-3068-4d37-a567-b6795da16a76,4804542d-6b42-4e93-a90e-17e04009f4cc,V3,75,1,"Your Turnkey desert trailer ready to work is live, and 2 changes to get more buyer messages","Hi {first_name},

Your Turnkey desert trailer ready to work is live on Vendibook (https://vendibook.com/listing/4804542d-6b42-4e93-a90e-17e04009f4cc?utm_source=email&utm_medium=concierge&utm_campaign=concierge-v3). I went through it, and these are the changes that will make the biggest difference:

1. Turn on offers. Most buyers at your price start with an offer, and you can set a minimum so lowballs never reach you.
2. Get to 8+ photos: both sides and the back, the serving window, the full kitchen line, the hood and fire-suppression tag, the generator, and the data plate. Use your best exterior shot as the cover.

Also: add a photo and a short bio to your profile (https://vendibook.com/account?utm_source=email&utm_medium=concierge&utm_campaign=concierge-v3). Buyers check who they're dealing with before they message.

Edit your listing here: https://vendibook.com/edit-listing/4804542d-6b42-4e93-a90e-17e04009f4cc?utm_source=email&utm_medium=concierge&utm_campaign=concierge-v3

Reply if you'd like me to take another look afterwards.

Know another owner who's selling a truck, trailer or kitchen? Refer them to Vendibook. You may earn $150 once they complete their first transaction within 90 days, after our team reviews it. Your link and the terms: https://vendibook.com/referral?utm_source=email&utm_medium=concierge&utm_campaign=referral

Brad
Customer Success, Vendibook",no,generic-notice,"{""subject"": ""Your Turnkey desert trailer ready to work is live, and 2 changes to get more buyer messages"", ""preview"": ""Your Turnkey desert trailer ready to work is live, and 2 changes to get more buyer messages"", ""kicker"": ""Listing tips from Vendibook"", ""heading"": ""A few changes to get more buyer messages"", ""greeting"": ""Hi {first_name},"", ""paragraphs"": [""Your Turnkey desert trailer ready to work is live on Vendibook."", ""These changes will make the biggest difference:"", ""1. Turn on offers. Most buyers at your price start with an offer, and you can set a minimum so lowballs never reach you."", ""2. Get to 8+ photos: both sides and the back, the serving window, the full kitchen line, the hood and fire-suppression tag, the generator, and the data plate. Use your best exterior shot as the cover."", ""Add a photo and a short bio to your profile. Buyers check who they're dealing with before they message."", ""Reply to this email if you have any questions. A real person reads every reply.""], ""alert"": {""tone"": ""info"", ""title"": ""Know another owner who’s selling?"", ""body"": ""Refer them to Vendibook. You may earn $150 once they complete their first transaction within 90 days, after our team reviews it. Details at vendibook.com/referral.""}, ""footnote"": ""Brad · Customer Success, Vendibook"", ""ctaLabel"": ""Edit your listing"", ""ctaUrl"": ""https://vendibook.com/edit-listing/4804542d-6b42-4e93-a90e-17e04009f4cc?utm_source=email&utm_medium=concierge&utm_campaign=concierge-v3"", ""secondaryCtaLabel"": ""View your listing"", ""secondaryCtaUrl"": ""https://vendibook.com/listing/4804542d-6b42-4e93-a90e-17e04009f4cc?utm_source=email&utm_medium=concierge&utm_campaign=concierge-v3""}"
602722b6-623d-4f68-8021-62d197f53352,62b96f82-7424-4bba-b2c4-d3c23404a9d5,V3,75,1,"Your 2024 10’ Concession Trailer with Predator 9500 Generator — K is live, and 2 changes to get more buyer messages","Hi {first_name},

Your 2024 10’ Concession Trailer with Predator 9500 Generator — K is live on Vendibook (https://vendibook.com/listing/62b96f82-7424-4bba-b2c4-d3c23404a9d5?utm_source=email&utm_medium=concierge&utm_campaign=concierge-v3). I went through it, and these are the changes that will make the biggest difference:

1. Turn on offers. Most buyers at your price start with an offer, and you can set a minimum so lowballs never reach you.
2. Add a 60-second walkaround video. A phone video with no editing is perfect.

Also: add a short bio to your profile (https://vendibook.com/account?utm_source=email&utm_medium=concierge&utm_campaign=concierge-v3). Two lines on how long you've run it and why you're selling is plenty.

Edit your listing here: https://vendibook.com/edit-listing/62b96f82-7424-4bba-b2c4-d3c23404a9d5?utm_source=email&utm_medium=concierge&utm_campaign=concierge-v3

Reply if you'd like me to take another look afterwards.

Know another owner who's selling a truck, trailer or kitchen? Refer them to Vendibook. You may earn $150 once they complete their first transaction within 90 days, after our team reviews it. Your link and the terms: https://vendibook.com/referral?utm_source=email&utm_medium=concierge&utm_campaign=referral

Brad
Customer Success, Vendibook",no,generic-notice,"{""subject"": ""Your 2024 10’ Concession Trailer with Predator 9500 Generator — K is live, and 2 changes to get more buyer messages"", ""preview"": ""Your 2024 10’ Concession Trailer with Predator 9500 Generator — K is live, and 2 changes to get more buyer messages"", ""kicker"": ""Listing tips from Vendibook"", ""heading"": ""A few changes to get more buyer messages"", ""greeting"": ""Hi {first_name},"", ""paragraphs"": [""Your 2024 10’ Concession Trailer with Predator 9500 Generator — K is live on Vendibook."", ""These changes will make the biggest difference:"", ""1. Turn on offers. Most buyers at your price start with an offer, and you can set a minimum so lowballs never reach you."", ""2. Add a 60-second walkaround video. A phone video with no editing is perfect."", ""Add a short bio to your profile. Two lines on how long you've run it and why you're selling is plenty."", ""Reply to this email if you have any questions. A real person reads every reply.""], ""alert"": {""tone"": ""info"", ""title"": ""Know another owner who’s selling?"", ""body"": ""Refer them to Vendibook. You may earn $150 once they complete their first transaction within 90 days, after our team reviews it. Details at vendibook.com/referral.""}, ""footnote"": ""Brad · Customer Success, Vendibook"", ""ctaLabel"": ""Edit your listing"", ""ctaUrl"": ""https://vendibook.com/edit-listing/62b96f82-7424-4bba-b2c4-d3c23404a9d5?utm_source=email&utm_medium=concierge&utm_campaign=concierge-v3"", ""secondaryCtaLabel"": ""View your listing"", ""secondaryCtaUrl"": ""https://vendibook.com/listing/62b96f82-7424-4bba-b2c4-d3c23404a9d5?utm_source=email&utm_medium=concierge&utm_campaign=concierge-v3""}"
bffa9366-bf11-40f9-8650-6074ed8690d1,6b466651-d042-4150-932e-09a76290866b,V3,75,1,"Your FOOD CONCESSION TRAILER MOBILE KITCHEN UNIT W/HCD INSIGNIA is live, and 3 changes to get more buyer messages","Hi {first_name},

Your FOOD CONCESSION TRAILER MOBILE KITCHEN UNIT W/HCD INSIGNIA is live on Vendibook (https://vendibook.com/listing/6b466651-d042-4150-932e-09a76290866b?utm_source=email&utm_medium=concierge&utm_campaign=concierge-v3). I went through it, and these are the changes that will make the biggest difference:

1. Turn on offers. Most buyers at your price start with an offer, and you can set a minimum so lowballs never reach you.
2. Add a 60-second walkaround video. A phone video with no editing is perfect.
3. Show buyers why it's worth the price: add the build year and an equipment list with brands.

Also: add a photo and a short bio to your profile (https://vendibook.com/account?utm_source=email&utm_medium=concierge&utm_campaign=concierge-v3). Buyers check who they're dealing with before they message.

Edit your listing here: https://vendibook.com/edit-listing/6b466651-d042-4150-932e-09a76290866b?utm_source=email&utm_medium=concierge&utm_campaign=concierge-v3

Reply if you'd like me to take another look afterwards.

Know another owner who's selling a truck, trailer or kitchen? Refer them to Vendibook. You may earn $150 once they complete their first transaction within 90 days, after our team reviews it. Your link and the terms: https://vendibook.com/referral?utm_source=email&utm_medium=concierge&utm_campaign=referral

Brad
Customer Success, Vendibook",no,generic-notice,"{""subject"": ""Your FOOD CONCESSION TRAILER MOBILE KITCHEN UNIT W/HCD INSIGNIA is live, and 3 changes to get more buyer messages"", ""preview"": ""Your FOOD CONCESSION TRAILER MOBILE KITCHEN UNIT W/HCD INSIGNIA is live, and 3 changes to get more buyer messages"", ""kicker"": ""Listing tips from Vendibook"", ""heading"": ""A few changes to get more buyer messages"", ""greeting"": ""Hi {first_name},"", ""paragraphs"": [""Your FOOD CONCESSION TRAILER MOBILE KITCHEN UNIT W/HCD INSIGNIA is live on Vendibook."", ""These changes will make the biggest difference:"", ""1. Turn on offers. Most buyers at your price start with an offer, and you can set a minimum so lowballs never reach you."", ""2. Add a 60-second walkaround video. A phone video with no editing is perfect."", ""3. Show buyers why it's worth the price: add the build year and an equipment list with brands."", ""Add a photo and a short bio to your profile. Buyers check who they're dealing with before they message."", ""Reply to this email if you have any questions. A real person reads every reply.""], ""alert"": {""tone"": ""info"", ""title"": ""Know another owner who’s selling?"", ""body"": ""Refer them to Vendibook. You may earn $150 once they complete their first transaction within 90 days, after our team reviews it. Details at vendibook.com/referral.""}, ""footnote"": ""Brad · Customer Success, Vendibook"", ""ctaLabel"": ""Edit your listing"", ""ctaUrl"": ""https://vendibook.com/edit-listing/6b466651-d042-4150-932e-09a76290866b?utm_source=email&utm_medium=concierge&utm_campaign=concierge-v3"", ""secondaryCtaLabel"": ""View your listing"", ""secondaryCtaUrl"": ""https://vendibook.com/listing/6b466651-d042-4150-932e-09a76290866b?utm_source=email&utm_medium=concierge&utm_campaign=concierge-v3""}"
2605d614-7163-4013-b01e-4b974becaa92,a7594e1f-fbe2-4e5a-abad-b5fe2069c00b,V3,75,1,"Your Food Trailer for sale in Austin  TX is live, and 2 changes to get more buyer messages","Hi {first_name},

Your Food Trailer for sale in Austin  TX is live on Vendibook (https://vendibook.com/listing/a7594e1f-fbe2-4e5a-abad-b5fe2069c00b?utm_source=email&utm_medium=concierge&utm_campaign=concierge-v3). I went through it, and these are the changes that will make the biggest difference:

1. Turn on offers. Most buyers at your price start with an offer, and you can set a minimum so lowballs never reach you.
2. Add a 60-second walkaround video. A phone video with no editing is perfect.

Also: add a short bio to your profile (https://vendibook.com/account?utm_source=email&utm_medium=concierge&utm_campaign=concierge-v3). Two lines on how long you've run it and why you're selling is plenty.

Edit your listing here: https://vendibook.com/edit-listing/a7594e1f-fbe2-4e5a-abad-b5fe2069c00b?utm_source=email&utm_medium=concierge&utm_campaign=concierge-v3

Reply if you'd like me to take another look afterwards.

Know another owner who's selling a truck, trailer or kitchen? Refer them to Vendibook. You may earn $150 once they complete their first transaction within 90 days, after our team reviews it. Your link and the terms: https://vendibook.com/referral?utm_source=email&utm_medium=concierge&utm_campaign=referral

Brad
Customer Success, Vendibook",no,generic-notice,"{""subject"": ""Your Food Trailer for sale in Austin  TX is live, and 2 changes to get more buyer messages"", ""preview"": ""Your Food Trailer for sale in Austin  TX is live, and 2 changes to get more buyer messages"", ""kicker"": ""Listing tips from Vendibook"", ""heading"": ""A few changes to get more buyer messages"", ""greeting"": ""Hi {first_name},"", ""paragraphs"": [""Your Food Trailer for sale in Austin  TX is live on Vendibook."", ""These changes will make the biggest difference:"", ""1. Turn on offers. Most buyers at your price start with an offer, and you can set a minimum so lowballs never reach you."", ""2. Add a 60-second walkaround video. A phone video with no editing is perfect."", ""Add a short bio to your profile. Two lines on how long you've run it and why you're selling is plenty."", ""Reply to this email if you have any questions. A real person reads every reply.""], ""alert"": {""tone"": ""info"", ""title"": ""Know another owner who’s selling?"", ""body"": ""Refer them to Vendibook. You may earn $150 once they complete their first transaction within 90 days, after our team reviews it. Details at vendibook.com/referral.""}, ""footnote"": ""Brad · Customer Success, Vendibook"", ""ctaLabel"": ""Edit your listing"", ""ctaUrl"": ""https://vendibook.com/edit-listing/a7594e1f-fbe2-4e5a-abad-b5fe2069c00b?utm_source=email&utm_medium=concierge&utm_campaign=concierge-v3"", ""secondaryCtaLabel"": ""View your listing"", ""secondaryCtaUrl"": ""https://vendibook.com/listing/a7594e1f-fbe2-4e5a-abad-b5fe2069c00b?utm_source=email&utm_medium=concierge&utm_campaign=concierge-v3""}"
f10ca560-9124-461d-99f1-dc3852aad19c,6458a2bc-fd12-4457-8760-4eba5f810c6f,V3,75,1,"Your Food Trailer is in Mint Condition. Ready to be used. Fully E is live, and 3 changes to get more buyer messages","Hi {first_name},

Your Food Trailer is in Mint Condition. Ready to be used. Fully E is live on Vendibook (https://vendibook.com/listing/6458a2bc-fd12-4457-8760-4eba5f810c6f?utm_source=email&utm_medium=concierge&utm_campaign=concierge-v3). I went through it, and these are the changes that will make the biggest difference:

1. Turn on offers. Most buyers at your price start with an offer, and you can set a minimum so lowballs never reach you.
2. Add a 60-second walkaround video. A phone video with no editing is perfect.
3. Show buyers why it's worth the price: add the build year and an equipment list with brands.

Also: add a short bio to your profile (https://vendibook.com/account?utm_source=email&utm_medium=concierge&utm_campaign=concierge-v3). Two lines on how long you've run it and why you're selling is plenty.

Edit your listing here: https://vendibook.com/edit-listing/6458a2bc-fd12-4457-8760-4eba5f810c6f?utm_source=email&utm_medium=concierge&utm_campaign=concierge-v3

Reply if you'd like me to take another look afterwards.

Know another owner who's selling a truck, trailer or kitchen? Refer them to Vendibook. You may earn $150 once they complete their first transaction within 90 days, after our team reviews it. Your link and the terms: https://vendibook.com/referral?utm_source=email&utm_medium=concierge&utm_campaign=referral

Brad
Customer Success, Vendibook",no,generic-notice,"{""subject"": ""Your Food Trailer is in Mint Condition. Ready to be used. Fully E is live, and 3 changes to get more buyer messages"", ""preview"": ""Your Food Trailer is in Mint Condition. Ready to be used. Fully E is live, and 3 changes to get more buyer messages"", ""kicker"": ""Listing tips from Vendibook"", ""heading"": ""A few changes to get more buyer messages"", ""greeting"": ""Hi {first_name},"", ""paragraphs"": [""Your Food Trailer is in Mint Condition. Ready to be used. Fully E is live on Vendibook."", ""These changes will make the biggest difference:"", ""1. Turn on offers. Most buyers at your price start with an offer, and you can set a minimum so lowballs never reach you."", ""2. Add a 60-second walkaround video. A phone video with no editing is perfect."", ""3. Show buyers why it's worth the price: add the build year and an equipment list with brands."", ""Add a short bio to your profile. Two lines on how long you've run it and why you're selling is plenty."", ""Reply to this email if you have any questions. A real person reads every reply.""], ""alert"": {""tone"": ""info"", ""title"": ""Know another owner who’s selling?"", ""body"": ""Refer them to Vendibook. You may earn $150 once they complete their first transaction within 90 days, after our team reviews it. Details at vendibook.com/referral.""}, ""footnote"": ""Brad · Customer Success, Vendibook"", ""ctaLabel"": ""Edit your listing"", ""ctaUrl"": ""https://vendibook.com/edit-listing/6458a2bc-fd12-4457-8760-4eba5f810c6f?utm_source=email&utm_medium=concierge&utm_campaign=concierge-v3"", ""secondaryCtaLabel"": ""View your listing"", ""secondaryCtaUrl"": ""https://vendibook.com/listing/6458a2bc-fd12-4457-8760-4eba5f810c6f?utm_source=email&utm_medium=concierge&utm_campaign=concierge-v3""}"
36009aa7-fd81-47c3-903f-79ccbf1502f3,b3278aec-9f29-4d95-b145-a14c31cbae76,V3,80,1,"Your 2022 Fully Equipped BBQ Trailerwith Enclosed Smoker Section is live, and 2 changes to get more buyer messages","Hi {first_name},

Your 2022 Fully Equipped BBQ Trailerwith Enclosed Smoker Section is live on Vendibook (https://vendibook.com/listing/b3278aec-9f29-4d95-b145-a14c31cbae76?utm_source=email&utm_medium=concierge&utm_campaign=concierge-v3). I went through it, and these are the changes that will make the biggest difference:

1. Get to 8+ photos: both sides and the back, the serving window, the full kitchen line, the hood and fire-suppression tag, the generator, and the data plate. Use your best exterior shot as the cover.
2. Add a 60-second walkaround video. A phone video with no editing is perfect.

Also: add a photo and a short bio to your profile (https://vendibook.com/account?utm_source=email&utm_medium=concierge&utm_campaign=concierge-v3). Buyers check who they're dealing with before they message.

Edit your listing here: https://vendibook.com/edit-listing/b3278aec-9f29-4d95-b145-a14c31cbae76?utm_source=email&utm_medium=concierge&utm_campaign=concierge-v3

Reply if you'd like me to take another look afterwards.

Know another owner who's selling a truck, trailer or kitchen? Refer them to Vendibook. You may earn $150 once they complete their first transaction within 90 days, after our team reviews it. Your link and the terms: https://vendibook.com/referral?utm_source=email&utm_medium=concierge&utm_campaign=referral

Brad
Customer Success, Vendibook",no,generic-notice,"{""subject"": ""Your 2022 Fully Equipped BBQ Trailerwith Enclosed Smoker Section is live, and 2 changes to get more buyer messages"", ""preview"": ""Your 2022 Fully Equipped BBQ Trailerwith Enclosed Smoker Section is live, and 2 changes to get more buyer messages"", ""kicker"": ""Listing tips from Vendibook"", ""heading"": ""A few changes to get more buyer messages"", ""greeting"": ""Hi {first_name},"", ""paragraphs"": [""Your 2022 Fully Equipped BBQ Trailerwith Enclosed Smoker Section is live on Vendibook."", ""These changes will make the biggest difference:"", ""1. Get to 8+ photos: both sides and the back, the serving window, the full kitchen line, the hood and fire-suppression tag, the generator, and the data plate. Use your best exterior shot as the cover."", ""2. Add a 60-second walkaround video. A phone video with no editing is perfect."", ""Add a photo and a short bio to your profile. Buyers check who they're dealing with before they message."", ""Reply to this email if you have any questions. A real person reads every reply.""], ""alert"": {""tone"": ""info"", ""title"": ""Know another owner who’s selling?"", ""body"": ""Refer them to Vendibook. You may earn $150 once they complete their first transaction within 90 days, after our team reviews it. Details at vendibook.com/referral.""}, ""footnote"": ""Brad · Customer Success, Vendibook"", ""ctaLabel"": ""Edit your listing"", ""ctaUrl"": ""https://vendibook.com/edit-listing/b3278aec-9f29-4d95-b145-a14c31cbae76?utm_source=email&utm_medium=concierge&utm_campaign=concierge-v3"", ""secondaryCtaLabel"": ""View your listing"", ""secondaryCtaUrl"": ""https://vendibook.com/listing/b3278aec-9f29-4d95-b145-a14c31cbae76?utm_source=email&utm_medium=concierge&utm_campaign=concierge-v3""}"
de07e405-c77a-461a-bf6a-16936ed6b0b6,650be60a-4d7a-4bb8-a677-0893d6a6451a,V3,80,1,"Your MA’Z TACOS – TURNKEY TUCSON FOOD TRUCK BUSINESS FOR SALE BRA is live, and 3 changes to get more buyer messages","Hi {first_name},

Your MA’Z TACOS – TURNKEY TUCSON FOOD TRUCK BUSINESS FOR SALE BRA is live on Vendibook (https://vendibook.com/listing/650be60a-4d7a-4bb8-a677-0893d6a6451a?utm_source=email&utm_medium=concierge&utm_campaign=concierge-v3). I went through it, and these are the changes that will make the biggest difference:

1. Get to 8+ photos: both sides and the back, the serving window, the full kitchen line, the hood and fire-suppression tag, the generator, and the data plate. Use your best exterior shot as the cover.
2. Add a 60-second walkaround video. A phone video with no editing is perfect.
3. Show buyers why it's worth the price: add the build year and an equipment list with brands.

Also: add a photo and a short bio to your profile (https://vendibook.com/account?utm_source=email&utm_medium=concierge&utm_campaign=concierge-v3). Buyers check who they're dealing with before they message.

Edit your listing here: https://vendibook.com/edit-listing/650be60a-4d7a-4bb8-a677-0893d6a6451a?utm_source=email&utm_medium=concierge&utm_campaign=concierge-v3

Reply if you'd like me to take another look afterwards.

Know another owner who's selling a truck, trailer or kitchen? Refer them to Vendibook. You may earn $150 once they complete their first transaction within 90 days, after our team reviews it. Your link and the terms: https://vendibook.com/referral?utm_source=email&utm_medium=concierge&utm_campaign=referral

Brad
Customer Success, Vendibook",no,generic-notice,"{""subject"": ""Your MA’Z TACOS – TURNKEY TUCSON FOOD TRUCK BUSINESS FOR SALE BRA is live, and 3 changes to get more buyer messages"", ""preview"": ""Your MA’Z TACOS – TURNKEY TUCSON FOOD TRUCK BUSINESS FOR SALE BRA is live, and 3 changes to get more buyer messages"", ""kicker"": ""Listing tips from Vendibook"", ""heading"": ""A few changes to get more buyer messages"", ""greeting"": ""Hi {first_name},"", ""paragraphs"": [""Your MA’Z TACOS – TURNKEY TUCSON FOOD TRUCK BUSINESS FOR SALE BRA is live on Vendibook."", ""These changes will make the biggest difference:"", ""1. Get to 8+ photos: both sides and the back, the serving window, the full kitchen line, the hood and fire-suppression tag, the generator, and the data plate. Use your best exterior shot as the cover."", ""2. Add a 60-second walkaround video. A phone video with no editing is perfect."", ""3. Show buyers why it's worth the price: add the build year and an equipment list with brands."", ""Add a photo and a short bio to your profile. Buyers check who they're dealing with before they message."", ""Reply to this email if you have any questions. A real person reads every reply.""], ""alert"": {""tone"": ""info"", ""title"": ""Know another owner who’s selling?"", ""body"": ""Refer them to Vendibook. You may earn $150 once they complete their first transaction within 90 days, after our team reviews it. Details at vendibook.com/referral.""}, ""footnote"": ""Brad · Customer Success, Vendibook"", ""ctaLabel"": ""Edit your listing"", ""ctaUrl"": ""https://vendibook.com/edit-listing/650be60a-4d7a-4bb8-a677-0893d6a6451a?utm_source=email&utm_medium=concierge&utm_campaign=concierge-v3"", ""secondaryCtaLabel"": ""View your listing"", ""secondaryCtaUrl"": ""https://vendibook.com/listing/650be60a-4d7a-4bb8-a677-0893d6a6451a?utm_source=email&utm_medium=concierge&utm_campaign=concierge-v3""}"
d126f042-e517-46ee-b89d-0bd83483a88d,c2a323e2-8b8a-469a-b5e3-d61c3fe305e5,V3,80,1,"Your Turnkey 17.5ft LeMontH Classic Food Trailer — Fully Equipped is live, and 2 changes to get more buyer messages","Hi {first_name},

Your Turnkey 17.5ft LeMontH Classic Food Trailer — Fully Equipped is live on Vendibook (https://vendibook.com/listing/c2a323e2-8b8a-469a-b5e3-d61c3fe305e5?utm_source=email&utm_medium=concierge&utm_campaign=concierge-v3). I went through it, and these are the changes that will make the biggest difference:

1. Get to 8+ photos: both sides and the back, the serving window, the full kitchen line, the hood and fire-suppression tag, the generator, and the data plate. Use your best exterior shot as the cover.
2. Show buyers why it's worth the price: add the build year and an equipment list with brands.

Also: add a photo and a short bio to your profile (https://vendibook.com/account?utm_source=email&utm_medium=concierge&utm_campaign=concierge-v3). Buyers check who they're dealing with before they message.

Edit your listing here: https://vendibook.com/edit-listing/c2a323e2-8b8a-469a-b5e3-d61c3fe305e5?utm_source=email&utm_medium=concierge&utm_campaign=concierge-v3

Reply if you'd like me to take another look afterwards.

Know another owner who's selling a truck, trailer or kitchen? Refer them to Vendibook. You may earn $150 once they complete their first transaction within 90 days, after our team reviews it. Your link and the terms: https://vendibook.com/referral?utm_source=email&utm_medium=concierge&utm_campaign=referral

Brad
Customer Success, Vendibook",no,generic-notice,"{""subject"": ""Your Turnkey 17.5ft LeMontH Classic Food Trailer — Fully Equipped is live, and 2 changes to get more buyer messages"", ""preview"": ""Your Turnkey 17.5ft LeMontH Classic Food Trailer — Fully Equipped is live, and 2 changes to get more buyer messages"", ""kicker"": ""Listing tips from Vendibook"", ""heading"": ""A few changes to get more buyer messages"", ""greeting"": ""Hi {first_name},"", ""paragraphs"": [""Your Turnkey 17.5ft LeMontH Classic Food Trailer — Fully Equipped is live on Vendibook."", ""These changes will make the biggest difference:"", ""1. Get to 8+ photos: both sides and the back, the serving window, the full kitchen line, the hood and fire-suppression tag, the generator, and the data plate. Use your best exterior shot as the cover."", ""2. Show buyers why it's worth the price: add the build year and an equipment list with brands."", ""Add a photo and a short bio to your profile. Buyers check who they're dealing with before they message."", ""Reply to this email if you have any questions. A real person reads every reply.""], ""alert"": {""tone"": ""info"", ""title"": ""Know another owner who’s selling?"", ""body"": ""Refer them to Vendibook. You may earn $150 once they complete their first transaction within 90 days, after our team reviews it. Details at vendibook.com/referral.""}, ""footnote"": ""Brad · Customer Success, Vendibook"", ""ctaLabel"": ""Edit your listing"", ""ctaUrl"": ""https://vendibook.com/edit-listing/c2a323e2-8b8a-469a-b5e3-d61c3fe305e5?utm_source=email&utm_medium=concierge&utm_campaign=concierge-v3"", ""secondaryCtaLabel"": ""View your listing"", ""secondaryCtaUrl"": ""https://vendibook.com/listing/c2a323e2-8b8a-469a-b5e3-d61c3fe305e5?utm_source=email&utm_medium=concierge&utm_campaign=concierge-v3""}"
de0d03a7-c0cf-4078-808c-cd4a1251af5a,587b1919-9828-46ef-bba8-76da9553f962,V3-featured,85,1,Your Brand New 2025 Dreamfly Airstream Ready to Go! Never been us is featured free for 14 days,"Hi {first_name},

Good news: buyers are already looking at your Brand New 2025 Dreamfly Airstream Ready to Go! Never been us, so we've featured it on Vendibook for free for 14 days, through October 19. Featured listings show up at the top of the homepage and search: https://vendibook.com/listing/587b1919-9828-46ef-bba8-76da9553f962?utm_source=email&utm_medium=concierge&utm_campaign=featured-trial

A few changes will help turn that extra attention into buyer messages:

1. Get to 8+ photos: both sides and the back, the serving window, the full kitchen line, the hood and fire-suppression tag, the generator, and the data plate. Use your best exterior shot as the cover.
2. Tell the story: who built it, what you served, permit and health history, recent upgrades, and why you're selling. Write it for someone who has never seen it.

Edit your listing here: https://vendibook.com/edit-listing/587b1919-9828-46ef-bba8-76da9553f962?utm_source=email&utm_medium=concierge&utm_campaign=featured-trial

Also: add a photo and a short bio to your profile (https://vendibook.com/account?utm_source=email&utm_medium=concierge&utm_campaign=featured-trial). Buyers check who they're dealing with before they message.

Reply if you have any questions.

Know another owner who's selling a truck, trailer or kitchen? Refer them to Vendibook. You may earn $150 once they complete their first transaction within 90 days, after our team reviews it. Your link and the terms: https://vendibook.com/referral?utm_source=email&utm_medium=concierge&utm_campaign=referral

Brad
Customer Success, Vendibook",yes,generic-notice,"{""subject"": ""Your Brand New 2025 Dreamfly Airstream Ready to Go! Never been us is featured free for 14 days"", ""preview"": ""Your Brand New 2025 Dreamfly Airstream Ready to Go! Never been us is featured free for 14 days"", ""kicker"": ""Featured free for 14 days"", ""heading"": ""Your listing is featured"", ""greeting"": ""Hi {first_name},"", ""paragraphs"": [""Good news: buyers are already looking at your Brand New 2025 Dreamfly Airstream Ready to Go! Never been us, so we've featured it on Vendibook for free for 14 days, through October 19. Featured listings show up at the top of the homepage and search."", ""These changes will make the biggest difference:"", ""1. Get to 8+ photos: both sides and the back, the serving window, the full kitchen line, the hood and fire-suppression tag, the generator, and the data plate. Use your best exterior shot as the cover."", ""2. Tell the story: who built it, what you served, permit and health history, recent upgrades, and why you're selling. Write it for someone who has never seen it."", ""Add a photo and a short bio to your profile. Buyers check who they're dealing with before they message."", ""Reply to this email if you have any questions. A real person reads every reply.""], ""alert"": {""tone"": ""info"", ""title"": ""Know another owner who’s selling?"", ""body"": ""Refer them to Vendibook. You may earn $150 once they complete their first transaction within 90 days, after our team reviews it. Details at vendibook.com/referral.""}, ""footnote"": ""Brad · Customer Success, Vendibook"", ""ctaLabel"": ""Edit your listing"", ""ctaUrl"": ""https://vendibook.com/edit-listing/587b1919-9828-46ef-bba8-76da9553f962?utm_source=email&utm_medium=concierge&utm_campaign=featured-trial"", ""secondaryCtaLabel"": ""View your listing"", ""secondaryCtaUrl"": ""https://vendibook.com/listing/587b1919-9828-46ef-bba8-76da9553f962?utm_source=email&utm_medium=concierge&utm_campaign=featured-trial""}"
333a8ff2-36d4-4f98-b24d-ef6e701737b7,1707a6d0-76e7-4ad0-8a31-403b6a5b047e,V3,85,1,"Your Like New Compact Food Trailer For Sale is live, and 1 change to get more buyer messages","Hi {first_name},

Your Like New Compact Food Trailer For Sale is live on Vendibook (https://vendibook.com/listing/1707a6d0-76e7-4ad0-8a31-403b6a5b047e?utm_source=email&utm_medium=concierge&utm_campaign=concierge-v3). I went through it, and these are the changes that will make the biggest difference:

1. Turn on offers. Most buyers at your price start with an offer, and you can set a minimum so lowballs never reach you.

Also: add a photo and a short bio to your profile (https://vendibook.com/account?utm_source=email&utm_medium=concierge&utm_campaign=concierge-v3). Buyers check who they're dealing with before they message.

Edit your listing here: https://vendibook.com/edit-listing/1707a6d0-76e7-4ad0-8a31-403b6a5b047e?utm_source=email&utm_medium=concierge&utm_campaign=concierge-v3

Reply if you'd like me to take another look afterwards.

Know another owner who's selling a truck, trailer or kitchen? Refer them to Vendibook. You may earn $150 once they complete their first transaction within 90 days, after our team reviews it. Your link and the terms: https://vendibook.com/referral?utm_source=email&utm_medium=concierge&utm_campaign=referral

Brad
Customer Success, Vendibook",no,generic-notice,"{""subject"": ""Your Like New Compact Food Trailer For Sale is live, and 1 change to get more buyer messages"", ""preview"": ""Your Like New Compact Food Trailer For Sale is live, and 1 change to get more buyer messages"", ""kicker"": ""Listing tips from Vendibook"", ""heading"": ""A few changes to get more buyer messages"", ""greeting"": ""Hi {first_name},"", ""paragraphs"": [""Your Like New Compact Food Trailer For Sale is live on Vendibook."", ""These changes will make the biggest difference:"", ""1. Turn on offers. Most buyers at your price start with an offer, and you can set a minimum so lowballs never reach you."", ""Add a photo and a short bio to your profile. Buyers check who they're dealing with before they message."", ""Reply to this email if you have any questions. A real person reads every reply.""], ""alert"": {""tone"": ""info"", ""title"": ""Know another owner who’s selling?"", ""body"": ""Refer them to Vendibook. You may earn $150 once they complete their first transaction within 90 days, after our team reviews it. Details at vendibook.com/referral.""}, ""footnote"": ""Brad · Customer Success, Vendibook"", ""ctaLabel"": ""Edit your listing"", ""ctaUrl"": ""https://vendibook.com/edit-listing/1707a6d0-76e7-4ad0-8a31-403b6a5b047e?utm_source=email&utm_medium=concierge&utm_campaign=concierge-v3"", ""secondaryCtaLabel"": ""View your listing"", ""secondaryCtaUrl"": ""https://vendibook.com/listing/1707a6d0-76e7-4ad0-8a31-403b6a5b047e?utm_source=email&utm_medium=concierge&utm_campaign=concierge-v3""}"
93811767-c356-435e-8aae-de43e9fb477b,3eea8fe1-3afe-4a92-a688-226927a8522d,V3,85,1,"Your 2024 fully loaded food trailer is live, and 2 changes to get more buyer messages","Hi {first_name},

Your 2024 fully loaded food trailer is live on Vendibook (https://vendibook.com/listing/3eea8fe1-3afe-4a92-a688-226927a8522d?utm_source=email&utm_medium=concierge&utm_campaign=concierge-v3). I went through it, and these are the changes that will make the biggest difference:

1. Tell the story: who built it, what you served, permit and health history, recent upgrades, and why you're selling. Write it for someone who has never seen it.
2. Add a 60-second walkaround video. A phone video with no editing is perfect.

Also: add a photo and a short bio to your profile (https://vendibook.com/account?utm_source=email&utm_medium=concierge&utm_campaign=concierge-v3). Buyers check who they're dealing with before they message.

Edit your listing here: https://vendibook.com/edit-listing/3eea8fe1-3afe-4a92-a688-226927a8522d?utm_source=email&utm_medium=concierge&utm_campaign=concierge-v3

Reply if you'd like me to take another look afterwards.

Know another owner who's selling a truck, trailer or kitchen? Refer them to Vendibook. You may earn $150 once they complete their first transaction within 90 days, after our team reviews it. Your link and the terms: https://vendibook.com/referral?utm_source=email&utm_medium=concierge&utm_campaign=referral

Brad
Customer Success, Vendibook",no,generic-notice,"{""subject"": ""Your 2024 fully loaded food trailer is live, and 2 changes to get more buyer messages"", ""preview"": ""Your 2024 fully loaded food trailer is live, and 2 changes to get more buyer messages"", ""kicker"": ""Listing tips from Vendibook"", ""heading"": ""A few changes to get more buyer messages"", ""greeting"": ""Hi {first_name},"", ""paragraphs"": [""Your 2024 fully loaded food trailer is live on Vendibook."", ""These changes will make the biggest difference:"", ""1. Tell the story: who built it, what you served, permit and health history, recent upgrades, and why you're selling. Write it for someone who has never seen it."", ""2. Add a 60-second walkaround video. A phone video with no editing is perfect."", ""Add a photo and a short bio to your profile. Buyers check who they're dealing with before they message."", ""Reply to this email if you have any questions. A real person reads every reply.""], ""alert"": {""tone"": ""info"", ""title"": ""Know another owner who’s selling?"", ""body"": ""Refer them to Vendibook. You may earn $150 once they complete their first transaction within 90 days, after our team reviews it. Details at vendibook.com/referral.""}, ""footnote"": ""Brad · Customer Success, Vendibook"", ""ctaLabel"": ""Edit your listing"", ""ctaUrl"": ""https://vendibook.com/edit-listing/3eea8fe1-3afe-4a92-a688-226927a8522d?utm_source=email&utm_medium=concierge&utm_campaign=concierge-v3"", ""secondaryCtaLabel"": ""View your listing"", ""secondaryCtaUrl"": ""https://vendibook.com/listing/3eea8fe1-3afe-4a92-a688-226927a8522d?utm_source=email&utm_medium=concierge&utm_campaign=concierge-v3""}"
d8046cdd-aa84-42b4-b739-938de47c7c04,5534f230-99a7-4ff6-a2b4-f495cdac1946,V3,85,1,"Your Food trailer 8x15 is live, and 1 change to get more buyer messages","Hi {first_name},

Your Food trailer 8x15 is live on Vendibook (https://vendibook.com/listing/5534f230-99a7-4ff6-a2b4-f495cdac1946?utm_source=email&utm_medium=concierge&utm_campaign=concierge-v3). I went through it, and these are the changes that will make the biggest difference:

1. Turn on offers. Most buyers at your price start with an offer, and you can set a minimum so lowballs never reach you.

Also: add a photo and a short bio to your profile (https://vendibook.com/account?utm_source=email&utm_medium=concierge&utm_campaign=concierge-v3). Buyers check who they're dealing with before they message.

Edit your listing here: https://vendibook.com/edit-listing/5534f230-99a7-4ff6-a2b4-f495cdac1946?utm_source=email&utm_medium=concierge&utm_campaign=concierge-v3

Reply if you'd like me to take another look afterwards.

Know another owner who's selling a truck, trailer or kitchen? Refer them to Vendibook. You may earn $150 once they complete their first transaction within 90 days, after our team reviews it. Your link and the terms: https://vendibook.com/referral?utm_source=email&utm_medium=concierge&utm_campaign=referral

Brad
Customer Success, Vendibook",no,generic-notice,"{""subject"": ""Your Food trailer 8x15 is live, and 1 change to get more buyer messages"", ""preview"": ""Your Food trailer 8x15 is live, and 1 change to get more buyer messages"", ""kicker"": ""Listing tips from Vendibook"", ""heading"": ""A few changes to get more buyer messages"", ""greeting"": ""Hi {first_name},"", ""paragraphs"": [""Your Food trailer 8x15 is live on Vendibook."", ""These changes will make the biggest difference:"", ""1. Turn on offers. Most buyers at your price start with an offer, and you can set a minimum so lowballs never reach you."", ""Add a photo and a short bio to your profile. Buyers check who they're dealing with before they message."", ""Reply to this email if you have any questions. A real person reads every reply.""], ""alert"": {""tone"": ""info"", ""title"": ""Know another owner who’s selling?"", ""body"": ""Refer them to Vendibook. You may earn $150 once they complete their first transaction within 90 days, after our team reviews it. Details at vendibook.com/referral.""}, ""footnote"": ""Brad · Customer Success, Vendibook"", ""ctaLabel"": ""Edit your listing"", ""ctaUrl"": ""https://vendibook.com/edit-listing/5534f230-99a7-4ff6-a2b4-f495cdac1946?utm_source=email&utm_medium=concierge&utm_campaign=concierge-v3"", ""secondaryCtaLabel"": ""View your listing"", ""secondaryCtaUrl"": ""https://vendibook.com/listing/5534f230-99a7-4ff6-a2b4-f495cdac1946?utm_source=email&utm_medium=concierge&utm_campaign=concierge-v3""}"
24050d09-bc26-42d9-91e2-7c445f9203dc,f814bc22-d682-4ddf-818e-049472578f49,V3,90,1,"Your 2023 SDG 37' Custom Commercial Kitchen on Wheels is live, and 2 changes to get more buyer messages","Hi {first_name},

Your 2023 SDG 37' Custom Commercial Kitchen on Wheels is live on Vendibook (https://vendibook.com/listing/f814bc22-d682-4ddf-818e-049472578f49?utm_source=email&utm_medium=concierge&utm_campaign=concierge-v3). I went through it, and these are the changes that will make the biggest difference:

1. Add a 60-second walkaround video. A phone video with no editing is perfect.
2. Show buyers why it's worth the price: add the build year and an equipment list with brands.

Also: add a photo and a short bio to your profile (https://vendibook.com/account?utm_source=email&utm_medium=concierge&utm_campaign=concierge-v3). Buyers check who they're dealing with before they message.

Edit your listing here: https://vendibook.com/edit-listing/f814bc22-d682-4ddf-818e-049472578f49?utm_source=email&utm_medium=concierge&utm_campaign=concierge-v3

Reply if you'd like me to take another look afterwards.

Know another owner who's selling a truck, trailer or kitchen? Refer them to Vendibook. You may earn $150 once they complete their first transaction within 90 days, after our team reviews it. Your link and the terms: https://vendibook.com/referral?utm_source=email&utm_medium=concierge&utm_campaign=referral

Brad
Customer Success, Vendibook",no,generic-notice,"{""subject"": ""Your 2023 SDG 37' Custom Commercial Kitchen on Wheels is live, and 2 changes to get more buyer messages"", ""preview"": ""Your 2023 SDG 37' Custom Commercial Kitchen on Wheels is live, and 2 changes to get more buyer messages"", ""kicker"": ""Listing tips from Vendibook"", ""heading"": ""A few changes to get more buyer messages"", ""greeting"": ""Hi {first_name},"", ""paragraphs"": [""Your 2023 SDG 37' Custom Commercial Kitchen on Wheels is live on Vendibook."", ""These changes will make the biggest difference:"", ""1. Add a 60-second walkaround video. A phone video with no editing is perfect."", ""2. Show buyers why it's worth the price: add the build year and an equipment list with brands."", ""Add a photo and a short bio to your profile. Buyers check who they're dealing with before they message."", ""Reply to this email if you have any questions. A real person reads every reply.""], ""alert"": {""tone"": ""info"", ""title"": ""Know another owner who’s selling?"", ""body"": ""Refer them to Vendibook. You may earn $150 once they complete their first transaction within 90 days, after our team reviews it. Details at vendibook.com/referral.""}, ""footnote"": ""Brad · Customer Success, Vendibook"", ""ctaLabel"": ""Edit your listing"", ""ctaUrl"": ""https://vendibook.com/edit-listing/f814bc22-d682-4ddf-818e-049472578f49?utm_source=email&utm_medium=concierge&utm_campaign=concierge-v3"", ""secondaryCtaLabel"": ""View your listing"", ""secondaryCtaUrl"": ""https://vendibook.com/listing/f814bc22-d682-4ddf-818e-049472578f49?utm_source=email&utm_medium=concierge&utm_campaign=concierge-v3""}"
25cf6eb9-d454-428b-8314-38e2832a0c64,3678b74e-769c-4a6a-9306-090074d81abb,V3,90,1,"Your 2004 18 ft Workhorse P42 All Purpose Food Truck is live, and 1 change to get more buyer messages","Hi {first_name},

Your 2004 18 ft Workhorse P42 All Purpose Food Truck is live on Vendibook (https://vendibook.com/listing/3678b74e-769c-4a6a-9306-090074d81abb?utm_source=email&utm_medium=concierge&utm_campaign=concierge-v3). I went through it, and these are the changes that will make the biggest difference:

1. Add a 60-second walkaround video. A phone video with no editing is perfect.

Also: add a photo and a short bio to your profile (https://vendibook.com/account?utm_source=email&utm_medium=concierge&utm_campaign=concierge-v3). Buyers check who they're dealing with before they message.

Edit your listing here: https://vendibook.com/edit-listing/3678b74e-769c-4a6a-9306-090074d81abb?utm_source=email&utm_medium=concierge&utm_campaign=concierge-v3

Reply if you'd like me to take another look afterwards.

Know another owner who's selling a truck, trailer or kitchen? Refer them to Vendibook. You may earn $150 once they complete their first transaction within 90 days, after our team reviews it. Your link and the terms: https://vendibook.com/referral?utm_source=email&utm_medium=concierge&utm_campaign=referral

Brad
Customer Success, Vendibook",no,generic-notice,"{""subject"": ""Your 2004 18 ft Workhorse P42 All Purpose Food Truck is live, and 1 change to get more buyer messages"", ""preview"": ""Your 2004 18 ft Workhorse P42 All Purpose Food Truck is live, and 1 change to get more buyer messages"", ""kicker"": ""Listing tips from Vendibook"", ""heading"": ""A few changes to get more buyer messages"", ""greeting"": ""Hi {first_name},"", ""paragraphs"": [""Your 2004 18 ft Workhorse P42 All Purpose Food Truck is live on Vendibook."", ""These changes will make the biggest difference:"", ""1. Add a 60-second walkaround video. A phone video with no editing is perfect."", ""Add a photo and a short bio to your profile. Buyers check who they're dealing with before they message."", ""Reply to this email if you have any questions. A real person reads every reply.""], ""alert"": {""tone"": ""info"", ""title"": ""Know another owner who’s selling?"", ""body"": ""Refer them to Vendibook. You may earn $150 once they complete their first transaction within 90 days, after our team reviews it. Details at vendibook.com/referral.""}, ""footnote"": ""Brad · Customer Success, Vendibook"", ""ctaLabel"": ""Edit your listing"", ""ctaUrl"": ""https://vendibook.com/edit-listing/3678b74e-769c-4a6a-9306-090074d81abb?utm_source=email&utm_medium=concierge&utm_campaign=concierge-v3"", ""secondaryCtaLabel"": ""View your listing"", ""secondaryCtaUrl"": ""https://vendibook.com/listing/3678b74e-769c-4a6a-9306-090074d81abb?utm_source=email&utm_medium=concierge&utm_campaign=concierge-v3""}"
421aa58f-ac7e-4eaf-92e3-2b6be284fb0a,d02ec787-17cb-4e37-b1a7-e70dec639b23,V3,90,1,"Your 16 Foot Ready-to-Operate - Food Trailer in Miami is live, and 1 change to get more buyer messages","Hi {first_name},

Your 16 Foot Ready-to-Operate - Food Trailer in Miami is live on Vendibook (https://vendibook.com/listing/d02ec787-17cb-4e37-b1a7-e70dec639b23?utm_source=email&utm_medium=concierge&utm_campaign=concierge-v3). I went through it, and these are the changes that will make the biggest difference:

1. Add a 60-second walkaround video. A phone video with no editing is perfect.

Also: add a photo and a short bio to your profile (https://vendibook.com/account?utm_source=email&utm_medium=concierge&utm_campaign=concierge-v3). Buyers check who they're dealing with before they message.

Edit your listing here: https://vendibook.com/edit-listing/d02ec787-17cb-4e37-b1a7-e70dec639b23?utm_source=email&utm_medium=concierge&utm_campaign=concierge-v3

Reply if you'd like me to take another look afterwards.

Know another owner who's selling a truck, trailer or kitchen? Refer them to Vendibook. You may earn $150 once they complete their first transaction within 90 days, after our team reviews it. Your link and the terms: https://vendibook.com/referral?utm_source=email&utm_medium=concierge&utm_campaign=referral

Brad
Customer Success, Vendibook",no,generic-notice,"{""subject"": ""Your 16 Foot Ready-to-Operate - Food Trailer in Miami is live, and 1 change to get more buyer messages"", ""preview"": ""Your 16 Foot Ready-to-Operate - Food Trailer in Miami is live, and 1 change to get more buyer messages"", ""kicker"": ""Listing tips from Vendibook"", ""heading"": ""A few changes to get more buyer messages"", ""greeting"": ""Hi {first_name},"", ""paragraphs"": [""Your 16 Foot Ready-to-Operate - Food Trailer in Miami is live on Vendibook."", ""These changes will make the biggest difference:"", ""1. Add a 60-second walkaround video. A phone video with no editing is perfect."", ""Add a photo and a short bio to your profile. Buyers check who they're dealing with before they message."", ""Reply to this email if you have any questions. A real person reads every reply.""], ""alert"": {""tone"": ""info"", ""title"": ""Know another owner who’s selling?"", ""body"": ""Refer them to Vendibook. You may earn $150 once they complete their first transaction within 90 days, after our team reviews it. Details at vendibook.com/referral.""}, ""footnote"": ""Brad · Customer Success, Vendibook"", ""ctaLabel"": ""Edit your listing"", ""ctaUrl"": ""https://vendibook.com/edit-listing/d02ec787-17cb-4e37-b1a7-e70dec639b23?utm_source=email&utm_medium=concierge&utm_campaign=concierge-v3"", ""secondaryCtaLabel"": ""View your listing"", ""secondaryCtaUrl"": ""https://vendibook.com/listing/d02ec787-17cb-4e37-b1a7-e70dec639b23?utm_source=email&utm_medium=concierge&utm_campaign=concierge-v3""}"
d7077653-fd60-40ec-b980-2e52862f7b0a,3c5c4943-dca5-40cd-bfef-547446077f46,V3,90,1,"Your 2021 8.5 X 24 ENCLOSED  REFRIGERATED  16K CAPACITY CARGO TRA is live, and 1 change to get more buyer messages","Hi {first_name},

Your 2021 8.5 X 24 ENCLOSED  REFRIGERATED  16K CAPACITY CARGO TRA is live on Vendibook (https://vendibook.com/listing/3c5c4943-dca5-40cd-bfef-547446077f46?utm_source=email&utm_medium=concierge&utm_campaign=concierge-v3). I went through it, and these are the changes that will make the biggest difference:

1. Add a 60-second walkaround video. A phone video with no editing is perfect.

Also: add a photo and a short bio to your profile (https://vendibook.com/account?utm_source=email&utm_medium=concierge&utm_campaign=concierge-v3). Buyers check who they're dealing with before they message.

Edit your listing here: https://vendibook.com/edit-listing/3c5c4943-dca5-40cd-bfef-547446077f46?utm_source=email&utm_medium=concierge&utm_campaign=concierge-v3

Reply if you'd like me to take another look afterwards.

Know another owner who's selling a truck, trailer or kitchen? Refer them to Vendibook. You may earn $150 once they complete their first transaction within 90 days, after our team reviews it. Your link and the terms: https://vendibook.com/referral?utm_source=email&utm_medium=concierge&utm_campaign=referral

Brad
Customer Success, Vendibook",no,generic-notice,"{""subject"": ""Your 2021 8.5 X 24 ENCLOSED  REFRIGERATED  16K CAPACITY CARGO TRA is live, and 1 change to get more buyer messages"", ""preview"": ""Your 2021 8.5 X 24 ENCLOSED  REFRIGERATED  16K CAPACITY CARGO TRA is live, and 1 change to get more buyer messages"", ""kicker"": ""Listing tips from Vendibook"", ""heading"": ""A few changes to get more buyer messages"", ""greeting"": ""Hi {first_name},"", ""paragraphs"": [""Your 2021 8.5 X 24 ENCLOSED  REFRIGERATED  16K CAPACITY CARGO TRA is live on Vendibook."", ""These changes will make the biggest difference:"", ""1. Add a 60-second walkaround video. A phone video with no editing is perfect."", ""Add a photo and a short bio to your profile. Buyers check who they're dealing with before they message."", ""Reply to this email if you have any questions. A real person reads every reply.""], ""alert"": {""tone"": ""info"", ""title"": ""Know another owner who’s selling?"", ""body"": ""Refer them to Vendibook. You may earn $150 once they complete their first transaction within 90 days, after our team reviews it. Details at vendibook.com/referral.""}, ""footnote"": ""Brad · Customer Success, Vendibook"", ""ctaLabel"": ""Edit your listing"", ""ctaUrl"": ""https://vendibook.com/edit-listing/3c5c4943-dca5-40cd-bfef-547446077f46?utm_source=email&utm_medium=concierge&utm_campaign=concierge-v3"", ""secondaryCtaLabel"": ""View your listing"", ""secondaryCtaUrl"": ""https://vendibook.com/listing/3c5c4943-dca5-40cd-bfef-547446077f46?utm_source=email&utm_medium=concierge&utm_campaign=concierge-v3""}"
2d6d68c7-7efe-40cb-8061-42ac57b351a4,6f438a50-85bb-43bd-b0ad-c6253251b12d,V3,90,1,"Your Fully Equipped Mobile Juice Truck-Van - Ready to Roll is live, and 1 change to get more buyer messages","Hi {first_name},

Your Fully Equipped Mobile Juice Truck-Van - Ready to Roll is live on Vendibook (https://vendibook.com/listing/6f438a50-85bb-43bd-b0ad-c6253251b12d?utm_source=email&utm_medium=concierge&utm_campaign=concierge-v3). I went through it, and these are the changes that will make the biggest difference:

1. Add a 60-second walkaround video. A phone video with no editing is perfect.

Also: add a photo and a short bio to your profile (https://vendibook.com/account?utm_source=email&utm_medium=concierge&utm_campaign=concierge-v3). Buyers check who they're dealing with before they message.

Edit your listing here: https://vendibook.com/edit-listing/6f438a50-85bb-43bd-b0ad-c6253251b12d?utm_source=email&utm_medium=concierge&utm_campaign=concierge-v3

Reply if you'd like me to take another look afterwards.

Know another owner who's selling a truck, trailer or kitchen? Refer them to Vendibook. You may earn $150 once they complete their first transaction within 90 days, after our team reviews it. Your link and the terms: https://vendibook.com/referral?utm_source=email&utm_medium=concierge&utm_campaign=referral

Brad
Customer Success, Vendibook",no,generic-notice,"{""subject"": ""Your Fully Equipped Mobile Juice Truck-Van - Ready to Roll is live, and 1 change to get more buyer messages"", ""preview"": ""Your Fully Equipped Mobile Juice Truck-Van - Ready to Roll is live, and 1 change to get more buyer messages"", ""kicker"": ""Listing tips from Vendibook"", ""heading"": ""A few changes to get more buyer messages"", ""greeting"": ""Hi {first_name},"", ""paragraphs"": [""Your Fully Equipped Mobile Juice Truck-Van - Ready to Roll is live on Vendibook."", ""These changes will make the biggest difference:"", ""1. Add a 60-second walkaround video. A phone video with no editing is perfect."", ""Add a photo and a short bio to your profile. Buyers check who they're dealing with before they message."", ""Reply to this email if you have any questions. A real person reads every reply.""], ""alert"": {""tone"": ""info"", ""title"": ""Know another owner who’s selling?"", ""body"": ""Refer them to Vendibook. You may earn $150 once they complete their first transaction within 90 days, after our team reviews it. Details at vendibook.com/referral.""}, ""footnote"": ""Brad · Customer Success, Vendibook"", ""ctaLabel"": ""Edit your listing"", ""ctaUrl"": ""https://vendibook.com/edit-listing/6f438a50-85bb-43bd-b0ad-c6253251b12d?utm_source=email&utm_medium=concierge&utm_campaign=concierge-v3"", ""secondaryCtaLabel"": ""View your listing"", ""secondaryCtaUrl"": ""https://vendibook.com/listing/6f438a50-85bb-43bd-b0ad-c6253251b12d?utm_source=email&utm_medium=concierge&utm_campaign=concierge-v3""}"
6d671fdc-75f4-411e-ae85-de3e55a34d44,99578bd4-d236-4371-b8f6-563a5d10d7a5,V3,90,1,"Your Fully loaded Food truck is live, and 2 changes to get more buyer messages","Hi {first_name},

Your Fully loaded Food truck is live on Vendibook (https://vendibook.com/listing/99578bd4-d236-4371-b8f6-563a5d10d7a5?utm_source=email&utm_medium=concierge&utm_campaign=concierge-v3). I went through it, and these are the changes that will make the biggest difference:

1. Add a 60-second walkaround video. A phone video with no editing is perfect.
2. Show buyers why it's worth the price: add the build year and an equipment list with brands.

Also: add a photo and a short bio to your profile (https://vendibook.com/account?utm_source=email&utm_medium=concierge&utm_campaign=concierge-v3). Buyers check who they're dealing with before they message.

Edit your listing here: https://vendibook.com/edit-listing/99578bd4-d236-4371-b8f6-563a5d10d7a5?utm_source=email&utm_medium=concierge&utm_campaign=concierge-v3

Reply if you'd like me to take another look afterwards.

Know another owner who's selling a truck, trailer or kitchen? Refer them to Vendibook. You may earn $150 once they complete their first transaction within 90 days, after our team reviews it. Your link and the terms: https://vendibook.com/referral?utm_source=email&utm_medium=concierge&utm_campaign=referral

Brad
Customer Success, Vendibook",no,generic-notice,"{""subject"": ""Your Fully loaded Food truck is live, and 2 changes to get more buyer messages"", ""preview"": ""Your Fully loaded Food truck is live, and 2 changes to get more buyer messages"", ""kicker"": ""Listing tips from Vendibook"", ""heading"": ""A few changes to get more buyer messages"", ""greeting"": ""Hi {first_name},"", ""paragraphs"": [""Your Fully loaded Food truck is live on Vendibook."", ""These changes will make the biggest difference:"", ""1. Add a 60-second walkaround video. A phone video with no editing is perfect."", ""2. Show buyers why it's worth the price: add the build year and an equipment list with brands."", ""Add a photo and a short bio to your profile. Buyers check who they're dealing with before they message."", ""Reply to this email if you have any questions. A real person reads every reply.""], ""alert"": {""tone"": ""info"", ""title"": ""Know another owner who’s selling?"", ""body"": ""Refer them to Vendibook. You may earn $150 once they complete their first transaction within 90 days, after our team reviews it. Details at vendibook.com/referral.""}, ""footnote"": ""Brad · Customer Success, Vendibook"", ""ctaLabel"": ""Edit your listing"", ""ctaUrl"": ""https://vendibook.com/edit-listing/99578bd4-d236-4371-b8f6-563a5d10d7a5?utm_source=email&utm_medium=concierge&utm_campaign=concierge-v3"", ""secondaryCtaLabel"": ""View your listing"", ""secondaryCtaUrl"": ""https://vendibook.com/listing/99578bd4-d236-4371-b8f6-563a5d10d7a5?utm_source=email&utm_medium=concierge&utm_campaign=concierge-v3""}"
f12a82b3-ec28-4cc6-9575-1e0ddea7cacd,c96a0bae-53c4-4df4-b895-b90e3d50703b,V3,90,1,"Your 2005 GMC  8.1L 28' Custom Wood-Fired Pizza Food Truck w/only is live, and 2 changes to get more buyer messages","Hi {first_name},

Your 2005 GMC  8.1L 28' Custom Wood-Fired Pizza Food Truck w/only is live on Vendibook (https://vendibook.com/listing/c96a0bae-53c4-4df4-b895-b90e3d50703b?utm_source=email&utm_medium=concierge&utm_campaign=concierge-v3). I went through it, and these are the changes that will make the biggest difference:

1. Add a 60-second walkaround video. A phone video with no editing is perfect.
2. Show buyers why it's worth the price: add the build year and an equipment list with brands.

Also: add a photo and a short bio to your profile (https://vendibook.com/account?utm_source=email&utm_medium=concierge&utm_campaign=concierge-v3). Buyers check who they're dealing with before they message.

Edit your listing here: https://vendibook.com/edit-listing/c96a0bae-53c4-4df4-b895-b90e3d50703b?utm_source=email&utm_medium=concierge&utm_campaign=concierge-v3

Reply if you'd like me to take another look afterwards.

Know another owner who's selling a truck, trailer or kitchen? Refer them to Vendibook. You may earn $150 once they complete their first transaction within 90 days, after our team reviews it. Your link and the terms: https://vendibook.com/referral?utm_source=email&utm_medium=concierge&utm_campaign=referral

Brad
Customer Success, Vendibook",no,generic-notice,"{""subject"": ""Your 2005 GMC  8.1L 28' Custom Wood-Fired Pizza Food Truck w/only is live, and 2 changes to get more buyer messages"", ""preview"": ""Your 2005 GMC  8.1L 28' Custom Wood-Fired Pizza Food Truck w/only is live, and 2 changes to get more buyer messages"", ""kicker"": ""Listing tips from Vendibook"", ""heading"": ""A few changes to get more buyer messages"", ""greeting"": ""Hi {first_name},"", ""paragraphs"": [""Your 2005 GMC  8.1L 28' Custom Wood-Fired Pizza Food Truck w/only is live on Vendibook."", ""These changes will make the biggest difference:"", ""1. Add a 60-second walkaround video. A phone video with no editing is perfect."", ""2. Show buyers why it's worth the price: add the build year and an equipment list with brands."", ""Add a photo and a short bio to your profile. Buyers check who they're dealing with before they message."", ""Reply to this email if you have any questions. A real person reads every reply.""], ""alert"": {""tone"": ""info"", ""title"": ""Know another owner who’s selling?"", ""body"": ""Refer them to Vendibook. You may earn $150 once they complete their first transaction within 90 days, after our team reviews it. Details at vendibook.com/referral.""}, ""footnote"": ""Brad · Customer Success, Vendibook"", ""ctaLabel"": ""Edit your listing"", ""ctaUrl"": ""https://vendibook.com/edit-listing/c96a0bae-53c4-4df4-b895-b90e3d50703b?utm_source=email&utm_medium=concierge&utm_campaign=concierge-v3"", ""secondaryCtaLabel"": ""View your listing"", ""secondaryCtaUrl"": ""https://vendibook.com/listing/c96a0bae-53c4-4df4-b895-b90e3d50703b?utm_source=email&utm_medium=concierge&utm_campaign=concierge-v3""}"
f6fb5b0a-6f90-44cb-97f3-addda2c2b10a,db4c8d64-a1ec-4db4-9715-4ca6ae8fd3b7,V3,100,1,"Your Fully equipped custom build food trailer is live, and 1 change to get more buyer messages","Hi {first_name},

Your Fully equipped custom build food trailer is live on Vendibook (https://vendibook.com/listing/db4c8d64-a1ec-4db4-9715-4ca6ae8fd3b7?utm_source=email&utm_medium=concierge&utm_campaign=concierge-v3). I went through it, and these are the changes that will make the biggest difference:

1. Show buyers why it's worth the price: add the build year and an equipment list with brands.

Also: add a photo and a short bio to your profile (https://vendibook.com/account?utm_source=email&utm_medium=concierge&utm_campaign=concierge-v3). Buyers check who they're dealing with before they message.

Edit your listing here: https://vendibook.com/edit-listing/db4c8d64-a1ec-4db4-9715-4ca6ae8fd3b7?utm_source=email&utm_medium=concierge&utm_campaign=concierge-v3

Reply if you'd like me to take another look afterwards.

Know another owner who's selling a truck, trailer or kitchen? Refer them to Vendibook. You may earn $150 once they complete their first transaction within 90 days, after our team reviews it. Your link and the terms: https://vendibook.com/referral?utm_source=email&utm_medium=concierge&utm_campaign=referral

Brad
Customer Success, Vendibook",no,generic-notice,"{""subject"": ""Your Fully equipped custom build food trailer is live, and 1 change to get more buyer messages"", ""preview"": ""Your Fully equipped custom build food trailer is live, and 1 change to get more buyer messages"", ""kicker"": ""Listing tips from Vendibook"", ""heading"": ""A few changes to get more buyer messages"", ""greeting"": ""Hi {first_name},"", ""paragraphs"": [""Your Fully equipped custom build food trailer is live on Vendibook."", ""These changes will make the biggest difference:"", ""1. Show buyers why it's worth the price: add the build year and an equipment list with brands."", ""Add a photo and a short bio to your profile. Buyers check who they're dealing with before they message."", ""Reply to this email if you have any questions. A real person reads every reply.""], ""alert"": {""tone"": ""info"", ""title"": ""Know another owner who’s selling?"", ""body"": ""Refer them to Vendibook. You may earn $150 once they complete their first transaction within 90 days, after our team reviews it. Details at vendibook.com/referral.""}, ""footnote"": ""Brad · Customer Success, Vendibook"", ""ctaLabel"": ""Edit your listing"", ""ctaUrl"": ""https://vendibook.com/edit-listing/db4c8d64-a1ec-4db4-9715-4ca6ae8fd3b7?utm_source=email&utm_medium=concierge&utm_campaign=concierge-v3"", ""secondaryCtaLabel"": ""View your listing"", ""secondaryCtaUrl"": ""https://vendibook.com/listing/db4c8d64-a1ec-4db4-9715-4ca6ae8fd3b7?utm_source=email&utm_medium=concierge&utm_campaign=concierge-v3""}"
7dab93c8-f289-4d7c-a8b2-c1d712272d12,074161d2-7252-4178-a3d4-0815adf43d90,V3,100,1,"Your Custom Built FUD Commercial Kitchen Trailer (Never used  Sto is live, and 1 changes to get more buyer messages","Hi {first_name},

Your Custom Built FUD Commercial Kitchen Trailer (Never used  Sto is live on Vendibook (https://vendibook.com/listing/074161d2-7252-4178-a3d4-0815adf43d90?utm_source=email&utm_medium=concierge&utm_campaign=concierge-v3). I went through it, and these are the changes that will make the biggest difference:


Also: add a photo and a short bio to your profile (https://vendibook.com/account?utm_source=email&utm_medium=concierge&utm_campaign=concierge-v3). Buyers check who they're dealing with before they message.

Edit your listing here: https://vendibook.com/edit-listing/074161d2-7252-4178-a3d4-0815adf43d90?utm_source=email&utm_medium=concierge&utm_campaign=concierge-v3

Reply if you'd like me to take another look afterwards.

Know another owner who's selling a truck, trailer or kitchen? Refer them to Vendibook. You may earn $150 once they complete their first transaction within 90 days, after our team reviews it. Your link and the terms: https://vendibook.com/referral?utm_source=email&utm_medium=concierge&utm_campaign=referral

Brad
Customer Success, Vendibook",no,generic-notice,"{""subject"": ""Your Custom Built FUD Commercial Kitchen Trailer (Never used  Sto is live, and 1 changes to get more buyer messages"", ""preview"": ""Your Custom Built FUD Commercial Kitchen Trailer (Never used  Sto is live, and 1 changes to get more buyer messages"", ""kicker"": ""Listing tips from Vendibook"", ""heading"": ""A few changes to get more buyer messages"", ""greeting"": ""Hi {first_name},"", ""paragraphs"": [""Your Custom Built FUD Commercial Kitchen Trailer (Never used  Sto is live on Vendibook."", ""Add a photo and a short bio to your profile. Buyers check who they're dealing with before they message."", ""Reply to this email if you have any questions. A real person reads every reply.""], ""alert"": {""tone"": ""info"", ""title"": ""Know another owner who’s selling?"", ""body"": ""Refer them to Vendibook. You may earn $150 once they complete their first transaction within 90 days, after our team reviews it. Details at vendibook.com/referral.""}, ""footnote"": ""Brad · Customer Success, Vendibook"", ""ctaLabel"": ""Edit your listing"", ""ctaUrl"": ""https://vendibook.com/edit-listing/074161d2-7252-4178-a3d4-0815adf43d90?utm_source=email&utm_medium=concierge&utm_campaign=concierge-v3"", ""secondaryCtaLabel"": ""View your listing"", ""secondaryCtaUrl"": ""https://vendibook.com/listing/074161d2-7252-4178-a3d4-0815adf43d90?utm_source=email&utm_medium=concierge&utm_campaign=concierge-v3""}"
4f98020b-a296-4760-bc2b-78ef63d15fc5,7c8c1ca4-b4bf-41ef-a9df-15c61af87059,V4,80,1,Your Fully equipped BBQ smoker looks great. Want us to share it?,"Hi {first_name}, thanks for putting the work in. Your listing is one of the strongest on Vendibook.

If you post it on Instagram or Facebook, tag @vendibook and we'll reshare it. Adding your listing link to your bio helps buyers find it too: https://vendibook.com/listing/7c8c1ca4-b4bf-41ef-a9df-15c61af87059?utm_source=email&utm_medium=concierge&utm_campaign=concierge-v4

Also: add a two-line bio to your profile. Buyers like to know who they're buying from.

Know another owner who's selling a truck, trailer or kitchen? Refer them to Vendibook. You may earn $150 once they complete their first transaction within 90 days, after our team reviews it. Your link and the terms: https://vendibook.com/referral?utm_source=email&utm_medium=concierge&utm_campaign=referral

Brad
Customer Success, Vendibook",no,generic-notice,"{""subject"": ""Your Fully equipped BBQ smoker looks great. Want us to share it?"", ""preview"": ""Your Fully equipped BBQ smoker looks great. Want us to share it?"", ""kicker"": ""Share your listing"", ""heading"": ""Your listing looks great"", ""greeting"": ""Hi {first_name},"", ""paragraphs"": [""Thanks for putting the work in. Your listing is one of the strongest on Vendibook."", ""If you post it on Instagram or Facebook, tag @vendibook and we'll reshare it. Adding your listing link to your bio helps buyers find it too."", ""Add a two-line bio to your profile. Buyers like to know who they're buying from."", ""Reply to this email if you have any questions. A real person reads every reply.""], ""alert"": {""tone"": ""info"", ""title"": ""Know another owner who’s selling?"", ""body"": ""Refer them to Vendibook. You may earn $150 once they complete their first transaction within 90 days, after our team reviews it. Details at vendibook.com/referral.""}, ""footnote"": ""Brad · Customer Success, Vendibook"", ""ctaLabel"": ""View your listing"", ""ctaUrl"": ""https://vendibook.com/listing/7c8c1ca4-b4bf-41ef-a9df-15c61af87059?utm_source=email&utm_medium=concierge&utm_campaign=concierge-v4""}"
bb229105-b243-418a-b2c1-9808aec13d46,572957bb-9ba7-4c4f-b4fa-9cd85a16cddc,V4,80,1,Your 2021 6×12 Fully Equipped Food Trailer – Ready for Business looks great. Want us to share it?,"Hi {first_name}, thanks for putting the work in. Your listing is one of the strongest on Vendibook.

If you post it on Instagram or Facebook, tag @vendibook and we'll reshare it. Adding your listing link to your bio helps buyers find it too: https://vendibook.com/listing/572957bb-9ba7-4c4f-b4fa-9cd85a16cddc?utm_source=email&utm_medium=concierge&utm_campaign=concierge-v4

Also: add a two-line bio to your profile. Buyers like to know who they're buying from.

Know another owner who's selling a truck, trailer or kitchen? Refer them to Vendibook. You may earn $150 once they complete their first transaction within 90 days, after our team reviews it. Your link and the terms: https://vendibook.com/referral?utm_source=email&utm_medium=concierge&utm_campaign=referral

Brad
Customer Success, Vendibook",no,generic-notice,"{""subject"": ""Your 2021 6×12 Fully Equipped Food Trailer – Ready for Business looks great. Want us to share it?"", ""preview"": ""Your 2021 6×12 Fully Equipped Food Trailer – Ready for Business looks great. Want us to share it?"", ""kicker"": ""Share your listing"", ""heading"": ""Your listing looks great"", ""greeting"": ""Hi {first_name},"", ""paragraphs"": [""Thanks for putting the work in. Your listing is one of the strongest on Vendibook."", ""If you post it on Instagram or Facebook, tag @vendibook and we'll reshare it. Adding your listing link to your bio helps buyers find it too."", ""Add a two-line bio to your profile. Buyers like to know who they're buying from."", ""Reply to this email if you have any questions. A real person reads every reply.""], ""alert"": {""tone"": ""info"", ""title"": ""Know another owner who’s selling?"", ""body"": ""Refer them to Vendibook. You may earn $150 once they complete their first transaction within 90 days, after our team reviews it. Details at vendibook.com/referral.""}, ""footnote"": ""Brad · Customer Success, Vendibook"", ""ctaLabel"": ""View your listing"", ""ctaUrl"": ""https://vendibook.com/listing/572957bb-9ba7-4c4f-b4fa-9cd85a16cddc?utm_source=email&utm_medium=concierge&utm_campaign=concierge-v4""}"
c7620448-d37b-47ff-b0a7-736df27ed0ff,d20b2e3b-ac23-40c8-882e-038909520493,V4,80,1,Your Food Trailer for sale in Riverdale  MD looks great. Want us to share it?,"Hi {first_name}, thanks for putting the work in. Your listing is one of the strongest on Vendibook.

If you post it on Instagram or Facebook, tag @vendibook and we'll reshare it. Adding your listing link to your bio helps buyers find it too: https://vendibook.com/listing/d20b2e3b-ac23-40c8-882e-038909520493?utm_source=email&utm_medium=concierge&utm_campaign=concierge-v4

Also: add a two-line bio to your profile. Buyers like to know who they're buying from.

Know another owner who's selling a truck, trailer or kitchen? Refer them to Vendibook. You may earn $150 once they complete their first transaction within 90 days, after our team reviews it. Your link and the terms: https://vendibook.com/referral?utm_source=email&utm_medium=concierge&utm_campaign=referral

Brad
Customer Success, Vendibook",no,generic-notice,"{""subject"": ""Your Food Trailer for sale in Riverdale  MD looks great. Want us to share it?"", ""preview"": ""Your Food Trailer for sale in Riverdale  MD looks great. Want us to share it?"", ""kicker"": ""Share your listing"", ""heading"": ""Your listing looks great"", ""greeting"": ""Hi {first_name},"", ""paragraphs"": [""Thanks for putting the work in. Your listing is one of the strongest on Vendibook."", ""If you post it on Instagram or Facebook, tag @vendibook and we'll reshare it. Adding your listing link to your bio helps buyers find it too."", ""Add a two-line bio to your profile. Buyers like to know who they're buying from."", ""Reply to this email if you have any questions. A real person reads every reply.""], ""alert"": {""tone"": ""info"", ""title"": ""Know another owner who’s selling?"", ""body"": ""Refer them to Vendibook. You may earn $150 once they complete their first transaction within 90 days, after our team reviews it. Details at vendibook.com/referral.""}, ""footnote"": ""Brad · Customer Success, Vendibook"", ""ctaLabel"": ""View your listing"", ""ctaUrl"": ""https://vendibook.com/listing/d20b2e3b-ac23-40c8-882e-038909520493?utm_source=email&utm_medium=concierge&utm_campaign=concierge-v4""}"
c9a01aec-0673-469c-a795-02164e74ca87,ca66afbe-a543-478b-89d9-c6771165e1b9,V4,80,1,Your foodCUBE - built on a 2008 Isuzu NPR Diesel Chassis looks great. Want us to share it?,"Hi {first_name}, thanks for putting the work in. Your listing is one of the strongest on Vendibook.

If you post it on Instagram or Facebook, tag @vendibook and we'll reshare it. Adding your listing link to your bio helps buyers find it too: https://vendibook.com/listing/ca66afbe-a543-478b-89d9-c6771165e1b9?utm_source=email&utm_medium=concierge&utm_campaign=concierge-v4

Also: add a two-line bio to your profile. Buyers like to know who they're buying from.

Know another owner who's selling a truck, trailer or kitchen? Refer them to Vendibook. You may earn $150 once they complete their first transaction within 90 days, after our team reviews it. Your link and the terms: https://vendibook.com/referral?utm_source=email&utm_medium=concierge&utm_campaign=referral

Brad
Customer Success, Vendibook",no,generic-notice,"{""subject"": ""Your foodCUBE - built on a 2008 Isuzu NPR Diesel Chassis looks great. Want us to share it?"", ""preview"": ""Your foodCUBE - built on a 2008 Isuzu NPR Diesel Chassis looks great. Want us to share it?"", ""kicker"": ""Share your listing"", ""heading"": ""Your listing looks great"", ""greeting"": ""Hi {first_name},"", ""paragraphs"": [""Thanks for putting the work in. Your listing is one of the strongest on Vendibook."", ""If you post it on Instagram or Facebook, tag @vendibook and we'll reshare it. Adding your listing link to your bio helps buyers find it too."", ""Add a two-line bio to your profile. Buyers like to know who they're buying from."", ""Reply to this email if you have any questions. A real person reads every reply.""], ""alert"": {""tone"": ""info"", ""title"": ""Know another owner who’s selling?"", ""body"": ""Refer them to Vendibook. You may earn $150 once they complete their first transaction within 90 days, after our team reviews it. Details at vendibook.com/referral.""}, ""footnote"": ""Brad · Customer Success, Vendibook"", ""ctaLabel"": ""View your listing"", ""ctaUrl"": ""https://vendibook.com/listing/ca66afbe-a543-478b-89d9-c6771165e1b9?utm_source=email&utm_medium=concierge&utm_campaign=concierge-v4""}"
b420d8c8-f0f5-4f20-8250-64d70c9993df,c8d152a4-dbc2-4239-8e0a-56cecac50266,V3-featured,85,1,Your 2026 Fully loaded Food trailer READY is featured free for 14 days,"Hi {first_name},

Good news: buyers are already looking at your 2026 Fully loaded Food trailer READY, so we've featured it on Vendibook for free for 14 days, through October 19. Featured listings show up at the top of the homepage and search: https://vendibook.com/listing/c8d152a4-dbc2-4239-8e0a-56cecac50266?utm_source=email&utm_medium=concierge&utm_campaign=featured-trial

A few changes will help turn that extra attention into buyer messages:

1. Get to 8+ photos: both sides and the back, the serving window, the full kitchen line, the hood and fire-suppression tag, the generator, and the data plate. Use your best exterior shot as the cover.
2. Tell the story: who built it, what you served, permit and health history, recent upgrades, and why you're selling. Write it for someone who has never seen it.

Edit your listing here: https://vendibook.com/edit-listing/c8d152a4-dbc2-4239-8e0a-56cecac50266?utm_source=email&utm_medium=concierge&utm_campaign=featured-trial

Also: add a short bio to your profile (https://vendibook.com/account?utm_source=email&utm_medium=concierge&utm_campaign=featured-trial). Buyers check who they're dealing with before they message.

Reply if you have any questions.

Know another owner who's selling a truck, trailer or kitchen? Refer them to Vendibook. You may earn $150 once they complete their first transaction within 90 days, after our team reviews it. Your link and the terms: https://vendibook.com/referral?utm_source=email&utm_medium=concierge&utm_campaign=referral

Brad
Customer Success, Vendibook",yes,generic-notice,"{""subject"": ""Your 2026 Fully loaded Food trailer READY is featured free for 14 days"", ""preview"": ""Your 2026 Fully loaded Food trailer READY is featured free for 14 days"", ""kicker"": ""Featured free for 14 days"", ""heading"": ""Your listing is featured"", ""greeting"": ""Hi {first_name},"", ""paragraphs"": [""Good news: buyers are already looking at your 2026 Fully loaded Food trailer READY, so we've featured it on Vendibook for free for 14 days, through October 19. Featured listings show up at the top of the homepage and search."", ""These changes will make the biggest difference:"", ""1. Get to 8+ photos: both sides and the back, the serving window, the full kitchen line, the hood and fire-suppression tag, the generator, and the data plate. Use your best exterior shot as the cover."", ""2. Tell the story: who built it, what you served, permit and health history, recent upgrades, and why you're selling. Write it for someone who has never seen it."", ""Add a short bio to your profile. Buyers check who they're dealing with before they message."", ""Reply to this email if you have any questions. A real person reads every reply.""], ""alert"": {""tone"": ""info"", ""title"": ""Know another owner who’s selling?"", ""body"": ""Refer them to Vendibook. You may earn $150 once they complete their first transaction within 90 days, after our team reviews it. Details at vendibook.com/referral.""}, ""footnote"": ""Brad · Customer Success, Vendibook"", ""ctaLabel"": ""Edit your listing"", ""ctaUrl"": ""https://vendibook.com/edit-listing/c8d152a4-dbc2-4239-8e0a-56cecac50266?utm_source=email&utm_medium=concierge&utm_campaign=featured-trial"", ""secondaryCtaLabel"": ""View your listing"", ""secondaryCtaUrl"": ""https://vendibook.com/listing/c8d152a4-dbc2-4239-8e0a-56cecac50266?utm_source=email&utm_medium=concierge&utm_campaign=featured-trial""}"
4d7cee0d-2979-4d1a-8ff2-735accffa2a3,cc22ddd2-3a14-48df-80d3-9bafa40b547c,V4,85,2,Your Gorgeous Turn-key 2020 Diesel Mercedes Benz 2500 General Pur looks great. Want us to share it?,"Hi {first_name}, thanks for putting the work in. Your listing is one of the strongest on Vendibook.

If you post it on Instagram or Facebook, tag @vendibook and we'll reshare it. Adding your listing link to your bio helps buyers find it too: https://vendibook.com/listing/cc22ddd2-3a14-48df-80d3-9bafa40b547c?utm_source=email&utm_medium=concierge&utm_campaign=concierge-v4

Also: add a two-line bio to your profile. Buyers like to know who they're buying from.

Know another owner who's selling a truck, trailer or kitchen? Refer them to Vendibook. You may earn $150 once they complete their first transaction within 90 days, after our team reviews it. Your link and the terms: https://vendibook.com/referral?utm_source=email&utm_medium=concierge&utm_campaign=referral

Brad
Customer Success, Vendibook",no,generic-notice,"{""subject"": ""Your Gorgeous Turn-key 2020 Diesel Mercedes Benz 2500 General Pur looks great. Want us to share it?"", ""preview"": ""Your Gorgeous Turn-key 2020 Diesel Mercedes Benz 2500 General Pur looks great. Want us to share it?"", ""kicker"": ""Share your listing"", ""heading"": ""Your listing looks great"", ""greeting"": ""Hi {first_name},"", ""paragraphs"": [""Thanks for putting the work in. Your listing is one of the strongest on Vendibook."", ""If you post it on Instagram or Facebook, tag @vendibook and we'll reshare it. Adding your listing link to your bio helps buyers find it too."", ""Add a two-line bio to your profile. Buyers like to know who they're buying from."", ""Reply to this email if you have any questions. A real person reads every reply.""], ""alert"": {""tone"": ""info"", ""title"": ""Know another owner who’s selling?"", ""body"": ""Refer them to Vendibook. You may earn $150 once they complete their first transaction within 90 days, after our team reviews it. Details at vendibook.com/referral.""}, ""footnote"": ""Brad · Customer Success, Vendibook"", ""ctaLabel"": ""View your listing"", ""ctaUrl"": ""https://vendibook.com/listing/cc22ddd2-3a14-48df-80d3-9bafa40b547c?utm_source=email&utm_medium=concierge&utm_campaign=concierge-v4""}"
57a3824e-24e0-4038-9808-b440b36fa65f,f874da36-6313-4bad-bb25-6d9a9f5f5897,V4,85,1,Your 2026 20ft food trailer used looks great. Want us to share it?,"Hi {first_name}, thanks for putting the work in. Your listing is one of the strongest on Vendibook.

If you post it on Instagram or Facebook, tag @vendibook and we'll reshare it. Adding your listing link to your bio helps buyers find it too: https://vendibook.com/listing/f874da36-6313-4bad-bb25-6d9a9f5f5897?utm_source=email&utm_medium=concierge&utm_campaign=concierge-v4

Also: add a two-line bio to your profile. Buyers like to know who they're buying from.

Know another owner who's selling a truck, trailer or kitchen? Refer them to Vendibook. You may earn $150 once they complete their first transaction within 90 days, after our team reviews it. Your link and the terms: https://vendibook.com/referral?utm_source=email&utm_medium=concierge&utm_campaign=referral

Brad
Customer Success, Vendibook",no,generic-notice,"{""subject"": ""Your 2026 20ft food trailer used looks great. Want us to share it?"", ""preview"": ""Your 2026 20ft food trailer used looks great. Want us to share it?"", ""kicker"": ""Share your listing"", ""heading"": ""Your listing looks great"", ""greeting"": ""Hi {first_name},"", ""paragraphs"": [""Thanks for putting the work in. Your listing is one of the strongest on Vendibook."", ""If you post it on Instagram or Facebook, tag @vendibook and we'll reshare it. Adding your listing link to your bio helps buyers find it too."", ""Add a two-line bio to your profile. Buyers like to know who they're buying from."", ""Reply to this email if you have any questions. A real person reads every reply.""], ""alert"": {""tone"": ""info"", ""title"": ""Know another owner who’s selling?"", ""body"": ""Refer them to Vendibook. You may earn $150 once they complete their first transaction within 90 days, after our team reviews it. Details at vendibook.com/referral.""}, ""footnote"": ""Brad · Customer Success, Vendibook"", ""ctaLabel"": ""View your listing"", ""ctaUrl"": ""https://vendibook.com/listing/f874da36-6313-4bad-bb25-6d9a9f5f5897?utm_source=email&utm_medium=concierge&utm_campaign=concierge-v4""}"
b6d57fef-2a28-491e-9c30-928fdd7c2e84,0bb809bc-965e-4598-8260-636db1563db7,V4,90,1,Your 2024 8x16 Turnkey Food Trailer – CA HCD Insignia – Health Pe looks great. Want us to share it?,"Hi {first_name}, thanks for putting the work in. Your listing is one of the strongest on Vendibook.

If you post it on Instagram or Facebook, tag @vendibook and we'll reshare it. Adding your listing link to your bio helps buyers find it too: https://vendibook.com/listing/0bb809bc-965e-4598-8260-636db1563db7?utm_source=email&utm_medium=concierge&utm_campaign=concierge-v4

Also: add a two-line bio to your profile. Buyers like to know who they're buying from.

Know another owner who's selling a truck, trailer or kitchen? Refer them to Vendibook. You may earn $150 once they complete their first transaction within 90 days, after our team reviews it. Your link and the terms: https://vendibook.com/referral?utm_source=email&utm_medium=concierge&utm_campaign=referral

Brad
Customer Success, Vendibook",no,generic-notice,"{""subject"": ""Your 2024 8x16 Turnkey Food Trailer – CA HCD Insignia – Health Pe looks great. Want us to share it?"", ""preview"": ""Your 2024 8x16 Turnkey Food Trailer – CA HCD Insignia – Health Pe looks great. Want us to share it?"", ""kicker"": ""Share your listing"", ""heading"": ""Your listing looks great"", ""greeting"": ""Hi {first_name},"", ""paragraphs"": [""Thanks for putting the work in. Your listing is one of the strongest on Vendibook."", ""If you post it on Instagram or Facebook, tag @vendibook and we'll reshare it. Adding your listing link to your bio helps buyers find it too."", ""Add a two-line bio to your profile. Buyers like to know who they're buying from."", ""Reply to this email if you have any questions. A real person reads every reply.""], ""alert"": {""tone"": ""info"", ""title"": ""Know another owner who’s selling?"", ""body"": ""Refer them to Vendibook. You may earn $150 once they complete their first transaction within 90 days, after our team reviews it. Details at vendibook.com/referral.""}, ""footnote"": ""Brad · Customer Success, Vendibook"", ""ctaLabel"": ""View your listing"", ""ctaUrl"": ""https://vendibook.com/listing/0bb809bc-965e-4598-8260-636db1563db7?utm_source=email&utm_medium=concierge&utm_campaign=concierge-v4""}"
60479572-020b-4b48-b739-f889ad8a27a5,0c055798-902a-4b1f-898f-d44b71c11282,V4,90,1,Your 2021 well equipped food trailer looks great. Want us to share it?,"Hi {first_name}, thanks for putting the work in. Your listing is one of the strongest on Vendibook.

If you post it on Instagram or Facebook, tag @vendibook and we'll reshare it. Adding your listing link to your bio helps buyers find it too: https://vendibook.com/listing/0c055798-902a-4b1f-898f-d44b71c11282?utm_source=email&utm_medium=concierge&utm_campaign=concierge-v4

Also: add a two-line bio to your profile. Buyers like to know who they're buying from.

Know another owner who's selling a truck, trailer or kitchen? Refer them to Vendibook. You may earn $150 once they complete their first transaction within 90 days, after our team reviews it. Your link and the terms: https://vendibook.com/referral?utm_source=email&utm_medium=concierge&utm_campaign=referral

Brad
Customer Success, Vendibook",no,generic-notice,"{""subject"": ""Your 2021 well equipped food trailer looks great. Want us to share it?"", ""preview"": ""Your 2021 well equipped food trailer looks great. Want us to share it?"", ""kicker"": ""Share your listing"", ""heading"": ""Your listing looks great"", ""greeting"": ""Hi {first_name},"", ""paragraphs"": [""Thanks for putting the work in. Your listing is one of the strongest on Vendibook."", ""If you post it on Instagram or Facebook, tag @vendibook and we'll reshare it. Adding your listing link to your bio helps buyers find it too."", ""Add a two-line bio to your profile. Buyers like to know who they're buying from."", ""Reply to this email if you have any questions. A real person reads every reply.""], ""alert"": {""tone"": ""info"", ""title"": ""Know another owner who’s selling?"", ""body"": ""Refer them to Vendibook. You may earn $150 once they complete their first transaction within 90 days, after our team reviews it. Details at vendibook.com/referral.""}, ""footnote"": ""Brad · Customer Success, Vendibook"", ""ctaLabel"": ""View your listing"", ""ctaUrl"": ""https://vendibook.com/listing/0c055798-902a-4b1f-898f-d44b71c11282?utm_source=email&utm_medium=concierge&utm_campaign=concierge-v4""}"
7a988661-4791-4beb-a0d5-e209914dbc27,05bf0f46-7850-41d1-a7d6-1b4e52866f04,V4,90,1,Your 2025 20' Turnkey Food Trailer – Fully Equipped Commercial Ki looks great. Want us to share it?,"Hi {first_name}, thanks for putting the work in. Your listing is one of the strongest on Vendibook.

If you post it on Instagram or Facebook, tag @vendibook and we'll reshare it. Adding your listing link to your bio helps buyers find it too: https://vendibook.com/listing/05bf0f46-7850-41d1-a7d6-1b4e52866f04?utm_source=email&utm_medium=concierge&utm_campaign=concierge-v4

Also: add a two-line bio to your profile. Buyers like to know who they're buying from.

Know another owner who's selling a truck, trailer or kitchen? Refer them to Vendibook. You may earn $150 once they complete their first transaction within 90 days, after our team reviews it. Your link and the terms: https://vendibook.com/referral?utm_source=email&utm_medium=concierge&utm_campaign=referral

Brad
Customer Success, Vendibook",no,generic-notice,"{""subject"": ""Your 2025 20' Turnkey Food Trailer – Fully Equipped Commercial Ki looks great. Want us to share it?"", ""preview"": ""Your 2025 20' Turnkey Food Trailer – Fully Equipped Commercial Ki looks great. Want us to share it?"", ""kicker"": ""Share your listing"", ""heading"": ""Your listing looks great"", ""greeting"": ""Hi {first_name},"", ""paragraphs"": [""Thanks for putting the work in. Your listing is one of the strongest on Vendibook."", ""If you post it on Instagram or Facebook, tag @vendibook and we'll reshare it. Adding your listing link to your bio helps buyers find it too."", ""Add a two-line bio to your profile. Buyers like to know who they're buying from."", ""Reply to this email if you have any questions. A real person reads every reply.""], ""alert"": {""tone"": ""info"", ""title"": ""Know another owner who’s selling?"", ""body"": ""Refer them to Vendibook. You may earn $150 once they complete their first transaction within 90 days, after our team reviews it. Details at vendibook.com/referral.""}, ""footnote"": ""Brad · Customer Success, Vendibook"", ""ctaLabel"": ""View your listing"", ""ctaUrl"": ""https://vendibook.com/listing/05bf0f46-7850-41d1-a7d6-1b4e52866f04?utm_source=email&utm_medium=concierge&utm_campaign=concierge-v4""}"
e3da22d5-4971-4490-86cb-f6864f2e8fa1,1c1d92fa-fd77-4d48-9dfe-e5348e19b672,V4,90,1,Your FOR SALE: 2016 CLARK FOOD TRAILER – $20 000  Price: $20 000 looks great. Want us to share it?,"Hi {first_name}, thanks for putting the work in. Your listing is one of the strongest on Vendibook.

If you post it on Instagram or Facebook, tag @vendibook and we'll reshare it. Adding your listing link to your bio helps buyers find it too: https://vendibook.com/listing/1c1d92fa-fd77-4d48-9dfe-e5348e19b672?utm_source=email&utm_medium=concierge&utm_campaign=concierge-v4

Also: add a two-line bio to your profile. Buyers like to know who they're buying from.

Know another owner who's selling a truck, trailer or kitchen? Refer them to Vendibook. You may earn $150 once they complete their first transaction within 90 days, after our team reviews it. Your link and the terms: https://vendibook.com/referral?utm_source=email&utm_medium=concierge&utm_campaign=referral

Brad
Customer Success, Vendibook",no,generic-notice,"{""subject"": ""Your FOR SALE: 2016 CLARK FOOD TRAILER – $20 000  Price: $20 000 looks great. Want us to share it?"", ""preview"": ""Your FOR SALE: 2016 CLARK FOOD TRAILER – $20 000  Price: $20 000 looks great. Want us to share it?"", ""kicker"": ""Share your listing"", ""heading"": ""Your listing looks great"", ""greeting"": ""Hi {first_name},"", ""paragraphs"": [""Thanks for putting the work in. Your listing is one of the strongest on Vendibook."", ""If you post it on Instagram or Facebook, tag @vendibook and we'll reshare it. Adding your listing link to your bio helps buyers find it too."", ""Add a two-line bio to your profile. Buyers like to know who they're buying from."", ""Reply to this email if you have any questions. A real person reads every reply.""], ""alert"": {""tone"": ""info"", ""title"": ""Know another owner who’s selling?"", ""body"": ""Refer them to Vendibook. You may earn $150 once they complete their first transaction within 90 days, after our team reviews it. Details at vendibook.com/referral.""}, ""footnote"": ""Brad · Customer Success, Vendibook"", ""ctaLabel"": ""View your listing"", ""ctaUrl"": ""https://vendibook.com/listing/1c1d92fa-fd77-4d48-9dfe-e5348e19b672?utm_source=email&utm_medium=concierge&utm_campaign=concierge-v4""}"
f5d45ee4-6b46-44b8-9c7e-beff391360ea,3fb06155-e9e4-4905-87a6-75a315aa628c,V4,100,1,Your 1993 International Food Truck – Fully Built Mobile Kitchen – looks great. Want us to share it?,"Hi {first_name}, thanks for putting the work in. Your listing is one of the strongest on Vendibook.

If you post it on Instagram or Facebook, tag @vendibook and we'll reshare it. Adding your listing link to your bio helps buyers find it too: https://vendibook.com/listing/3fb06155-e9e4-4905-87a6-75a315aa628c?utm_source=email&utm_medium=concierge&utm_campaign=concierge-v4

Also: add a two-line bio to your profile. Buyers like to know who they're buying from.

Know another owner who's selling a truck, trailer or kitchen? Refer them to Vendibook. You may earn $150 once they complete their first transaction within 90 days, after our team reviews it. Your link and the terms: https://vendibook.com/referral?utm_source=email&utm_medium=concierge&utm_campaign=referral

Brad
Customer Success, Vendibook",no,generic-notice,"{""subject"": ""Your 1993 International Food Truck – Fully Built Mobile Kitchen – looks great. Want us to share it?"", ""preview"": ""Your 1993 International Food Truck – Fully Built Mobile Kitchen – looks great. Want us to share it?"", ""kicker"": ""Share your listing"", ""heading"": ""Your listing looks great"", ""greeting"": ""Hi {first_name},"", ""paragraphs"": [""Thanks for putting the work in. Your listing is one of the strongest on Vendibook."", ""If you post it on Instagram or Facebook, tag @vendibook and we'll reshare it. Adding your listing link to your bio helps buyers find it too."", ""Add a two-line bio to your profile. Buyers like to know who they're buying from."", ""Reply to this email if you have any questions. A real person reads every reply.""], ""alert"": {""tone"": ""info"", ""title"": ""Know another owner who’s selling?"", ""body"": ""Refer them to Vendibook. You may earn $150 once they complete their first transaction within 90 days, after our team reviews it. Details at vendibook.com/referral.""}, ""footnote"": ""Brad · Customer Success, Vendibook"", ""ctaLabel"": ""View your listing"", ""ctaUrl"": ""https://vendibook.com/listing/3fb06155-e9e4-4905-87a6-75a315aa628c?utm_source=email&utm_medium=concierge&utm_campaign=concierge-v4""}"
4f21ffbc-f1c8-4567-ae0f-acabd3ef07d9,2dafd746-faf6-4b76-9d2a-e4a69ae3ff71,V4,100,1,Your 2026 Coco Hazel Coffee/Food Truck: Brand New  Complete and R looks great. Want us to share it?,"Hi {first_name}, thanks for putting the work in. Your listing is one of the strongest on Vendibook.

If you post it on Instagram or Facebook, tag @vendibook and we'll reshare it. Adding your listing link to your bio helps buyers find it too: https://vendibook.com/listing/2dafd746-faf6-4b76-9d2a-e4a69ae3ff71?utm_source=email&utm_medium=concierge&utm_campaign=concierge-v4

Also: add a two-line bio to your profile. Buyers like to know who they're buying from.

Know another owner who's selling a truck, trailer or kitchen? Refer them to Vendibook. You may earn $150 once they complete their first transaction within 90 days, after our team reviews it. Your link and the terms: https://vendibook.com/referral?utm_source=email&utm_medium=concierge&utm_campaign=referral

Brad
Customer Success, Vendibook",no,generic-notice,"{""subject"": ""Your 2026 Coco Hazel Coffee/Food Truck: Brand New  Complete and R looks great. Want us to share it?"", ""preview"": ""Your 2026 Coco Hazel Coffee/Food Truck: Brand New  Complete and R looks great. Want us to share it?"", ""kicker"": ""Share your listing"", ""heading"": ""Your listing looks great"", ""greeting"": ""Hi {first_name},"", ""paragraphs"": [""Thanks for putting the work in. Your listing is one of the strongest on Vendibook."", ""If you post it on Instagram or Facebook, tag @vendibook and we'll reshare it. Adding your listing link to your bio helps buyers find it too."", ""Add a two-line bio to your profile. Buyers like to know who they're buying from."", ""Reply to this email if you have any questions. A real person reads every reply.""], ""alert"": {""tone"": ""info"", ""title"": ""Know another owner who’s selling?"", ""body"": ""Refer them to Vendibook. You may earn $150 once they complete their first transaction within 90 days, after our team reviews it. Details at vendibook.com/referral.""}, ""footnote"": ""Brad · Customer Success, Vendibook"", ""ctaLabel"": ""View your listing"", ""ctaUrl"": ""https://vendibook.com/listing/2dafd746-faf6-4b76-9d2a-e4a69ae3ff71?utm_source=email&utm_medium=concierge&utm_campaign=concierge-v4""}"
ae127ada-ea25-4621-811d-f45983b48d4c,8d19aa3e-9c58-4a48-8557-5a87b4b2d4f9,V4,100,1,Your Turnkey Fully Equipped Commercial Food Trailer - Licensed as looks great. Want us to share it?,"Hi {first_name}, thanks for putting the work in. Your listing is one of the strongest on Vendibook.

If you post it on Instagram or Facebook, tag @vendibook and we'll reshare it. Adding your listing link to your bio helps buyers find it too: https://vendibook.com/listing/8d19aa3e-9c58-4a48-8557-5a87b4b2d4f9?utm_source=email&utm_medium=concierge&utm_campaign=concierge-v4

Also: add a two-line bio to your profile. Buyers like to know who they're buying from.

Know another owner who's selling a truck, trailer or kitchen? Refer them to Vendibook. You may earn $150 once they complete their first transaction within 90 days, after our team reviews it. Your link and the terms: https://vendibook.com/referral?utm_source=email&utm_medium=concierge&utm_campaign=referral

Brad
Customer Success, Vendibook",no,generic-notice,"{""subject"": ""Your Turnkey Fully Equipped Commercial Food Trailer - Licensed as looks great. Want us to share it?"", ""preview"": ""Your Turnkey Fully Equipped Commercial Food Trailer - Licensed as looks great. Want us to share it?"", ""kicker"": ""Share your listing"", ""heading"": ""Your listing looks great"", ""greeting"": ""Hi {first_name},"", ""paragraphs"": [""Thanks for putting the work in. Your listing is one of the strongest on Vendibook."", ""If you post it on Instagram or Facebook, tag @vendibook and we'll reshare it. Adding your listing link to your bio helps buyers find it too."", ""Add a two-line bio to your profile. Buyers like to know who they're buying from."", ""Reply to this email if you have any questions. A real person reads every reply.""], ""alert"": {""tone"": ""info"", ""title"": ""Know another owner who’s selling?"", ""body"": ""Refer them to Vendibook. You may earn $150 once they complete their first transaction within 90 days, after our team reviews it. Details at vendibook.com/referral.""}, ""footnote"": ""Brad · Customer Success, Vendibook"", ""ctaLabel"": ""View your listing"", ""ctaUrl"": ""https://vendibook.com/listing/8d19aa3e-9c58-4a48-8557-5a87b4b2d4f9?utm_source=email&utm_medium=concierge&utm_campaign=concierge-v4""}"
